Hurricane,Variable,Item,ReferenceTime,Period
bob01,fg,0,1991-04-27 12:00:00,1 days 01:00:00.000000000
bob01,fg,1,1991-04-27 12:00:00,1 days 02:00:00.000000000
bob01,fg,2,1991-04-27 12:00:00,1 days 03:00:00.000000000
bob01,fg,3,1991-04-27 12:00:00,1 days 04:00:00.000000000
bob01,fg,4,1991-04-27 12:00:00,1 days 05:00:00.000000000
bob01,fg,5,1991-04-27 12:00:00,1 days 06:00:00.000000000
bob01,fg,6,1991-04-27 12:00:00,1 days 07:00:00.000000000
bob01,fg,7,1991-04-27 12:00:00,1 days 08:00:00.000000000
bob01,fg,8,1991-04-27 12:00:00,1 days 09:00:00.000000000
bob01,fg,9,1991-04-27 12:00:00,1 days 10:00:00.000000000
bob01,fg,10,1991-04-27 12:00:00,1 days 11:00:00.000000000
bob01,fg,11,1991-04-27 12:00:00,1 days 12:00:00.000000000
bob01,fg,12,1991-04-27 12:00:00,1 days 13:00:00.000000000
bob01,fg,13,1991-04-27 12:00:00,1 days 14:00:00.000000000
bob01,fg,14,1991-04-27 12:00:00,1 days 15:00:00.000000000
bob01,fg,15,1991-04-27 12:00:00,1 days 16:00:00.000000000
bob01,fg,16,1991-04-27 12:00:00,1 days 17:00:00.000000000
bob01,fg,17,1991-04-27 12:00:00,1 days 18:00:00.000000000
bob01,fg,18,1991-04-27 12:00:00,1 days 19:00:00.000000000
bob01,fg,19,1991-04-27 12:00:00,1 days 20:00:00.000000000
bob01,fg,20,1991-04-27 12:00:00,1 days 21:00:00.000000000
bob01,fg,21,1991-04-27 12:00:00,1 days 22:00:00.000000000
bob01,fg,22,1991-04-27 12:00:00,1 days 23:00:00.000000000
bob01,fg,23,1991-04-27 12:00:00,2 days 00:00:00.000000000
bob01,fg,24,1991-04-27 12:00:00,2 days 01:00:00.000000000
bob01,fg,25,1991-04-27 12:00:00,2 days 02:00:00.000000000
bob01,fg,26,1991-04-27 12:00:00,2 days 03:00:00.000000000
bob01,fg,27,1991-04-27 12:00:00,2 days 04:00:00.000000000
bob01,fg,28,1991-04-27 12:00:00,2 days 05:00:00.000000000
bob01,fg,29,1991-04-27 12:00:00,2 days 06:00:00.000000000
bob01,fg,30,1991-04-27 12:00:00,2 days 07:00:00.000000000
bob01,fg,31,1991-04-27 12:00:00,2 days 08:00:00.000000000
bob01,fg,32,1991-04-27 12:00:00,2 days 09:00:00.000000000
bob01,fg,33,1991-04-27 12:00:00,2 days 10:00:00.000000000
bob01,fg,34,1991-04-27 12:00:00,2 days 11:00:00.000000000
bob01,fg,35,1991-04-27 12:00:00,2 days 12:00:00.000000000
bob01,fg,36,1991-04-27 12:00:00,2 days 13:00:00.000000000
bob01,fg,37,1991-04-27 12:00:00,2 days 14:00:00.000000000
bob01,fg,38,1991-04-27 12:00:00,2 days 15:00:00.000000000
bob01,fg,39,1991-04-27 12:00:00,2 days 16:00:00.000000000
bob01,fg,40,1991-04-27 12:00:00,2 days 17:00:00.000000000
bob01,fg,41,1991-04-27 12:00:00,2 days 18:00:00.000000000
bob01,fg,42,1991-04-27 12:00:00,2 days 19:00:00.000000000
bob01,fg,43,1991-04-27 12:00:00,2 days 20:00:00.000000000
bob01,fg,44,1991-04-27 12:00:00,2 days 21:00:00.000000000
bob01,fg,45,1991-04-27 12:00:00,2 days 22:00:00.000000000
bob01,fg,46,1991-04-27 12:00:00,2 days 23:00:00.000000000
bob01,fg,47,1991-04-27 12:00:00,3 days 00:00:00.000000000
bob01,fg,48,1991-04-27 15:00:00,1 days 01:00:00.000000000
bob01,fg,49,1991-04-27 15:00:00,1 days 02:00:00.000000000
bob01,fg,50,1991-04-27 15:00:00,1 days 03:00:00.000000000
bob01,fg,51,1991-04-27 15:00:00,1 days 04:00:00.000000000
bob01,fg,52,1991-04-27 15:00:00,1 days 05:00:00.000000000
bob01,fg,53,1991-04-27 15:00:00,1 days 06:00:00.000000000
bob01,fg,54,1991-04-27 15:00:00,1 days 07:00:00.000000000
bob01,fg,55,1991-04-27 15:00:00,1 days 08:00:00.000000000
bob01,fg,56,1991-04-27 15:00:00,1 days 09:00:00.000000000
bob01,fg,57,1991-04-27 15:00:00,1 days 10:00:00.000000000
bob01,fg,58,1991-04-27 15:00:00,1 days 11:00:00.000000000
bob01,fg,59,1991-04-27 15:00:00,1 days 12:00:00.000000000
bob01,fg,60,1991-04-27 15:00:00,1 days 13:00:00.000000000
bob01,fg,61,1991-04-27 15:00:00,1 days 14:00:00.000000000
bob01,fg,62,1991-04-27 15:00:00,1 days 15:00:00.000000000
bob01,fg,63,1991-04-27 15:00:00,1 days 16:00:00.000000000
bob01,fg,64,1991-04-27 15:00:00,1 days 17:00:00.000000000
bob01,fg,65,1991-04-27 15:00:00,1 days 18:00:00.000000000
bob01,fg,66,1991-04-27 15:00:00,1 days 19:00:00.000000000
bob01,fg,67,1991-04-27 15:00:00,1 days 20:00:00.000000000
bob01,fg,68,1991-04-27 15:00:00,1 days 21:00:00.000000000
bob01,fg,69,1991-04-27 15:00:00,1 days 22:00:00.000000000
bob01,fg,70,1991-04-27 15:00:00,1 days 23:00:00.000000000
bob01,fg,71,1991-04-27 15:00:00,2 days 00:00:00.000000000
bob01,fg,72,1991-04-27 15:00:00,2 days 01:00:00.000000000
bob01,fg,73,1991-04-27 15:00:00,2 days 02:00:00.000000000
bob01,fg,74,1991-04-27 15:00:00,2 days 03:00:00.000000000
bob01,fg,75,1991-04-27 15:00:00,2 days 04:00:00.000000000
bob01,fg,76,1991-04-27 15:00:00,2 days 05:00:00.000000000
bob01,fg,77,1991-04-27 15:00:00,2 days 06:00:00.000000000
bob01,fg,78,1991-04-27 15:00:00,2 days 07:00:00.000000000
bob01,fg,79,1991-04-27 15:00:00,2 days 08:00:00.000000000
bob01,fg,80,1991-04-27 15:00:00,2 days 09:00:00.000000000
bob01,fg,81,1991-04-27 15:00:00,2 days 10:00:00.000000000
bob01,fg,82,1991-04-27 15:00:00,2 days 11:00:00.000000000
bob01,fg,83,1991-04-27 15:00:00,2 days 12:00:00.000000000
bob01,fg,84,1991-04-27 15:00:00,2 days 13:00:00.000000000
bob01,fg,85,1991-04-27 15:00:00,2 days 14:00:00.000000000
bob01,fg,86,1991-04-27 15:00:00,2 days 15:00:00.000000000
bob01,fg,87,1991-04-27 15:00:00,2 days 16:00:00.000000000
bob01,fg,88,1991-04-27 15:00:00,2 days 17:00:00.000000000
bob01,fg,89,1991-04-27 15:00:00,2 days 18:00:00.000000000
bob01,fg,90,1991-04-27 15:00:00,2 days 19:00:00.000000000
bob01,fg,91,1991-04-27 15:00:00,2 days 20:00:00.000000000
bob01,fg,92,1991-04-27 15:00:00,2 days 21:00:00.000000000
bob01,fg,93,1991-04-27 15:00:00,2 days 22:00:00.000000000
bob01,fg,94,1991-04-27 15:00:00,2 days 23:00:00.000000000
bob01,fg,95,1991-04-27 15:00:00,3 days 00:00:00.000000000
bob01,fg,96,1991-04-27 18:00:00,1 days 01:00:00.000000000
bob01,fg,97,1991-04-27 18:00:00,1 days 02:00:00.000000000
bob01,fg,98,1991-04-27 18:00:00,1 days 03:00:00.000000000
bob01,fg,99,1991-04-27 18:00:00,1 days 04:00:00.000000000
bob01,fg,100,1991-04-27 18:00:00,1 days 05:00:00.000000000
bob01,fg,101,1991-04-27 18:00:00,1 days 06:00:00.000000000
bob01,fg,102,1991-04-27 18:00:00,1 days 07:00:00.000000000
bob01,fg,103,1991-04-27 18:00:00,1 days 08:00:00.000000000
bob01,fg,104,1991-04-27 18:00:00,1 days 09:00:00.000000000
bob01,fg,105,1991-04-27 18:00:00,1 days 10:00:00.000000000
bob01,fg,106,1991-04-27 18:00:00,1 days 11:00:00.000000000
bob01,fg,107,1991-04-27 18:00:00,1 days 12:00:00.000000000
bob01,fg,108,1991-04-27 18:00:00,1 days 13:00:00.000000000
bob01,fg,109,1991-04-27 18:00:00,1 days 14:00:00.000000000
bob01,fg,110,1991-04-27 18:00:00,1 days 15:00:00.000000000
bob01,fg,111,1991-04-27 18:00:00,1 days 16:00:00.000000000
bob01,fg,112,1991-04-27 18:00:00,1 days 17:00:00.000000000
bob01,fg,113,1991-04-27 18:00:00,1 days 18:00:00.000000000
bob01,fg,114,1991-04-27 18:00:00,1 days 19:00:00.000000000
bob01,fg,115,1991-04-27 18:00:00,1 days 20:00:00.000000000
bob01,fg,116,1991-04-27 18:00:00,1 days 21:00:00.000000000
bob01,fg,117,1991-04-27 18:00:00,1 days 22:00:00.000000000
bob01,fg,118,1991-04-27 18:00:00,1 days 23:00:00.000000000
bob01,fg,119,1991-04-27 18:00:00,2 days 00:00:00.000000000
bob01,fg,120,1991-04-27 18:00:00,2 days 01:00:00.000000000
bob01,fg,121,1991-04-27 18:00:00,2 days 02:00:00.000000000
bob01,fg,122,1991-04-27 18:00:00,2 days 03:00:00.000000000
bob01,fg,123,1991-04-27 18:00:00,2 days 04:00:00.000000000
bob01,fg,124,1991-04-27 18:00:00,2 days 05:00:00.000000000
bob01,fg,125,1991-04-27 18:00:00,2 days 06:00:00.000000000
bob01,fg,126,1991-04-27 18:00:00,2 days 07:00:00.000000000
bob01,fg,127,1991-04-27 18:00:00,2 days 08:00:00.000000000
bob01,fg,128,1991-04-27 18:00:00,2 days 09:00:00.000000000
bob01,fg,129,1991-04-27 18:00:00,2 days 10:00:00.000000000
bob01,fg,130,1991-04-27 18:00:00,2 days 11:00:00.000000000
bob01,fg,131,1991-04-27 18:00:00,2 days 12:00:00.000000000
bob01,fg,132,1991-04-27 18:00:00,2 days 13:00:00.000000000
bob01,fg,133,1991-04-27 18:00:00,2 days 14:00:00.000000000
bob01,fg,134,1991-04-27 18:00:00,2 days 15:00:00.000000000
bob01,fg,135,1991-04-27 18:00:00,2 days 16:00:00.000000000
bob01,fg,136,1991-04-27 18:00:00,2 days 17:00:00.000000000
bob01,fg,137,1991-04-27 18:00:00,2 days 18:00:00.000000000
bob01,fg,138,1991-04-27 18:00:00,2 days 19:00:00.000000000
bob01,fg,139,1991-04-27 18:00:00,2 days 20:00:00.000000000
bob01,fg,140,1991-04-27 18:00:00,2 days 21:00:00.000000000
bob01,fg,141,1991-04-27 18:00:00,2 days 22:00:00.000000000
bob01,fg,142,1991-04-27 18:00:00,2 days 23:00:00.000000000
bob01,fg,143,1991-04-27 18:00:00,3 days 00:00:00.000000000
bob01,fg,144,1991-04-27 21:00:00,1 days 01:00:00.000000000
bob01,fg,145,1991-04-27 21:00:00,1 days 02:00:00.000000000
bob01,fg,146,1991-04-27 21:00:00,1 days 03:00:00.000000000
bob01,fg,147,1991-04-27 21:00:00,1 days 04:00:00.000000000
bob01,fg,148,1991-04-27 21:00:00,1 days 05:00:00.000000000
bob01,fg,149,1991-04-27 21:00:00,1 days 06:00:00.000000000
bob01,fg,150,1991-04-27 21:00:00,1 days 07:00:00.000000000
bob01,fg,151,1991-04-27 21:00:00,1 days 08:00:00.000000000
bob01,fg,152,1991-04-27 21:00:00,1 days 09:00:00.000000000
bob01,fg,153,1991-04-27 21:00:00,1 days 10:00:00.000000000
bob01,fg,154,1991-04-27 21:00:00,1 days 11:00:00.000000000
bob01,fg,155,1991-04-27 21:00:00,1 days 12:00:00.000000000
bob01,fg,156,1991-04-27 21:00:00,1 days 13:00:00.000000000
bob01,fg,157,1991-04-27 21:00:00,1 days 14:00:00.000000000
bob01,fg,158,1991-04-27 21:00:00,1 days 15:00:00.000000000
bob01,fg,159,1991-04-27 21:00:00,1 days 16:00:00.000000000
bob01,fg,160,1991-04-27 21:00:00,1 days 17:00:00.000000000
bob01,fg,161,1991-04-27 21:00:00,1 days 18:00:00.000000000
bob01,fg,162,1991-04-27 21:00:00,1 days 19:00:00.000000000
bob01,fg,163,1991-04-27 21:00:00,1 days 20:00:00.000000000
bob01,fg,164,1991-04-27 21:00:00,1 days 21:00:00.000000000
bob01,fg,165,1991-04-27 21:00:00,1 days 22:00:00.000000000
bob01,fg,166,1991-04-27 21:00:00,1 days 23:00:00.000000000
bob01,fg,167,1991-04-27 21:00:00,2 days 00:00:00.000000000
bob01,fg,168,1991-04-27 21:00:00,2 days 01:00:00.000000000
bob01,fg,169,1991-04-27 21:00:00,2 days 02:00:00.000000000
bob01,fg,170,1991-04-27 21:00:00,2 days 03:00:00.000000000
bob01,fg,171,1991-04-27 21:00:00,2 days 04:00:00.000000000
bob01,fg,172,1991-04-27 21:00:00,2 days 05:00:00.000000000
bob01,fg,173,1991-04-27 21:00:00,2 days 06:00:00.000000000
bob01,fg,174,1991-04-27 21:00:00,2 days 07:00:00.000000000
bob01,fg,175,1991-04-27 21:00:00,2 days 08:00:00.000000000
bob01,fg,176,1991-04-27 21:00:00,2 days 09:00:00.000000000
bob01,fg,177,1991-04-27 21:00:00,2 days 10:00:00.000000000
bob01,fg,178,1991-04-27 21:00:00,2 days 11:00:00.000000000
bob01,fg,179,1991-04-27 21:00:00,2 days 12:00:00.000000000
bob01,fg,180,1991-04-27 21:00:00,2 days 13:00:00.000000000
bob01,fg,181,1991-04-27 21:00:00,2 days 14:00:00.000000000
bob01,fg,182,1991-04-27 21:00:00,2 days 15:00:00.000000000
bob01,fg,183,1991-04-27 21:00:00,2 days 16:00:00.000000000
bob01,fg,184,1991-04-27 21:00:00,2 days 17:00:00.000000000
bob01,fg,185,1991-04-27 21:00:00,2 days 18:00:00.000000000
bob01,fg,186,1991-04-27 21:00:00,2 days 19:00:00.000000000
bob01,fg,187,1991-04-27 21:00:00,2 days 20:00:00.000000000
bob01,fg,188,1991-04-27 21:00:00,2 days 21:00:00.000000000
bob01,fg,189,1991-04-27 21:00:00,2 days 22:00:00.000000000
bob01,fg,190,1991-04-27 21:00:00,2 days 23:00:00.000000000
bob01,fg,191,1991-04-27 21:00:00,3 days 00:00:00.000000000
bob01,fg,192,1991-04-28 00:00:00,1 days 01:00:00.000000000
bob01,fg,193,1991-04-28 00:00:00,1 days 02:00:00.000000000
bob01,fg,194,1991-04-28 00:00:00,1 days 03:00:00.000000000
bob01,fg,195,1991-04-28 00:00:00,1 days 04:00:00.000000000
bob01,fg,196,1991-04-28 00:00:00,1 days 05:00:00.000000000
bob01,fg,197,1991-04-28 00:00:00,1 days 06:00:00.000000000
bob01,fg,198,1991-04-28 00:00:00,1 days 07:00:00.000000000
bob01,fg,199,1991-04-28 00:00:00,1 days 08:00:00.000000000
bob01,fg,200,1991-04-28 00:00:00,1 days 09:00:00.000000000
bob01,fg,201,1991-04-28 00:00:00,1 days 10:00:00.000000000
bob01,fg,202,1991-04-28 00:00:00,1 days 11:00:00.000000000
bob01,fg,203,1991-04-28 00:00:00,1 days 12:00:00.000000000
bob01,fg,204,1991-04-28 00:00:00,1 days 13:00:00.000000000
bob01,fg,205,1991-04-28 00:00:00,1 days 14:00:00.000000000
bob01,fg,206,1991-04-28 00:00:00,1 days 15:00:00.000000000
bob01,fg,207,1991-04-28 00:00:00,1 days 16:00:00.000000000
bob01,fg,208,1991-04-28 00:00:00,1 days 17:00:00.000000000
bob01,fg,209,1991-04-28 00:00:00,1 days 18:00:00.000000000
bob01,fg,210,1991-04-28 00:00:00,1 days 19:00:00.000000000
bob01,fg,211,1991-04-28 00:00:00,1 days 20:00:00.000000000
bob01,fg,212,1991-04-28 00:00:00,1 days 21:00:00.000000000
bob01,fg,213,1991-04-28 00:00:00,1 days 22:00:00.000000000
bob01,fg,214,1991-04-28 00:00:00,1 days 23:00:00.000000000
bob01,fg,215,1991-04-28 00:00:00,2 days 00:00:00.000000000
bob01,fg,216,1991-04-28 00:00:00,2 days 01:00:00.000000000
bob01,fg,217,1991-04-28 00:00:00,2 days 02:00:00.000000000
bob01,fg,218,1991-04-28 00:00:00,2 days 03:00:00.000000000
bob01,fg,219,1991-04-28 00:00:00,2 days 04:00:00.000000000
bob01,fg,220,1991-04-28 00:00:00,2 days 05:00:00.000000000
bob01,fg,221,1991-04-28 00:00:00,2 days 06:00:00.000000000
bob01,fg,222,1991-04-28 00:00:00,2 days 07:00:00.000000000
bob01,fg,223,1991-04-28 00:00:00,2 days 08:00:00.000000000
bob01,fg,224,1991-04-28 00:00:00,2 days 09:00:00.000000000
bob01,fg,225,1991-04-28 00:00:00,2 days 10:00:00.000000000
bob01,fg,226,1991-04-28 00:00:00,2 days 11:00:00.000000000
bob01,fg,227,1991-04-28 00:00:00,2 days 12:00:00.000000000
bob01,fg,228,1991-04-28 00:00:00,2 days 13:00:00.000000000
bob01,fg,229,1991-04-28 00:00:00,2 days 14:00:00.000000000
bob01,fg,230,1991-04-28 00:00:00,2 days 15:00:00.000000000
bob01,fg,231,1991-04-28 00:00:00,2 days 16:00:00.000000000
bob01,fg,232,1991-04-28 00:00:00,2 days 17:00:00.000000000
bob01,fg,233,1991-04-28 00:00:00,2 days 18:00:00.000000000
bob01,fg,234,1991-04-28 00:00:00,2 days 19:00:00.000000000
bob01,fg,235,1991-04-28 00:00:00,2 days 20:00:00.000000000
bob01,fg,236,1991-04-28 00:00:00,2 days 21:00:00.000000000
bob01,fg,237,1991-04-28 00:00:00,2 days 22:00:00.000000000
bob01,fg,238,1991-04-28 00:00:00,2 days 23:00:00.000000000
bob01,fg,239,1991-04-28 00:00:00,3 days 00:00:00.000000000
bob01,fg,240,1991-04-28 03:00:00,1 days 01:00:00.000000000
bob01,fg,241,1991-04-28 03:00:00,1 days 02:00:00.000000000
bob01,fg,242,1991-04-28 03:00:00,1 days 03:00:00.000000000
bob01,fg,243,1991-04-28 03:00:00,1 days 04:00:00.000000000
bob01,fg,244,1991-04-28 03:00:00,1 days 05:00:00.000000000
bob01,fg,245,1991-04-28 03:00:00,1 days 06:00:00.000000000
bob01,fg,246,1991-04-28 03:00:00,1 days 07:00:00.000000000
bob01,fg,247,1991-04-28 03:00:00,1 days 08:00:00.000000000
bob01,fg,248,1991-04-28 03:00:00,1 days 09:00:00.000000000
bob01,fg,249,1991-04-28 03:00:00,1 days 10:00:00.000000000
bob01,fg,250,1991-04-28 03:00:00,1 days 11:00:00.000000000
bob01,fg,251,1991-04-28 03:00:00,1 days 12:00:00.000000000
bob01,fg,252,1991-04-28 03:00:00,1 days 13:00:00.000000000
bob01,fg,253,1991-04-28 03:00:00,1 days 14:00:00.000000000
bob01,fg,254,1991-04-28 03:00:00,1 days 15:00:00.000000000
bob01,fg,255,1991-04-28 03:00:00,1 days 16:00:00.000000000
bob01,fg,256,1991-04-28 03:00:00,1 days 17:00:00.000000000
bob01,fg,257,1991-04-28 03:00:00,1 days 18:00:00.000000000
bob01,fg,258,1991-04-28 03:00:00,1 days 19:00:00.000000000
bob01,fg,259,1991-04-28 03:00:00,1 days 20:00:00.000000000
bob01,fg,260,1991-04-28 03:00:00,1 days 21:00:00.000000000
bob01,fg,261,1991-04-28 03:00:00,1 days 22:00:00.000000000
bob01,fg,262,1991-04-28 03:00:00,1 days 23:00:00.000000000
bob01,fg,263,1991-04-28 03:00:00,2 days 00:00:00.000000000
bob01,fg,264,1991-04-28 03:00:00,2 days 01:00:00.000000000
bob01,fg,265,1991-04-28 03:00:00,2 days 02:00:00.000000000
bob01,fg,266,1991-04-28 03:00:00,2 days 03:00:00.000000000
bob01,fg,267,1991-04-28 03:00:00,2 days 04:00:00.000000000
bob01,fg,268,1991-04-28 03:00:00,2 days 05:00:00.000000000
bob01,fg,269,1991-04-28 03:00:00,2 days 06:00:00.000000000
bob01,fg,270,1991-04-28 03:00:00,2 days 07:00:00.000000000
bob01,fg,271,1991-04-28 03:00:00,2 days 08:00:00.000000000
bob01,fg,272,1991-04-28 03:00:00,2 days 09:00:00.000000000
bob01,fg,273,1991-04-28 03:00:00,2 days 10:00:00.000000000
bob01,fg,274,1991-04-28 03:00:00,2 days 11:00:00.000000000
bob01,fg,275,1991-04-28 03:00:00,2 days 12:00:00.000000000
bob01,fg,276,1991-04-28 03:00:00,2 days 13:00:00.000000000
bob01,fg,277,1991-04-28 03:00:00,2 days 14:00:00.000000000
bob01,fg,278,1991-04-28 03:00:00,2 days 15:00:00.000000000
bob01,fg,279,1991-04-28 03:00:00,2 days 16:00:00.000000000
bob01,fg,280,1991-04-28 03:00:00,2 days 17:00:00.000000000
bob01,fg,281,1991-04-28 03:00:00,2 days 18:00:00.000000000
bob01,fg,282,1991-04-28 03:00:00,2 days 19:00:00.000000000
bob01,fg,283,1991-04-28 03:00:00,2 days 20:00:00.000000000
bob01,fg,284,1991-04-28 03:00:00,2 days 21:00:00.000000000
bob01,fg,285,1991-04-28 03:00:00,2 days 22:00:00.000000000
bob01,fg,286,1991-04-28 03:00:00,2 days 23:00:00.000000000
bob01,fg,287,1991-04-28 03:00:00,3 days 00:00:00.000000000
bob01,fg,288,1991-04-28 06:00:00,1 days 01:00:00.000000000
bob01,fg,289,1991-04-28 06:00:00,1 days 02:00:00.000000000
bob01,fg,290,1991-04-28 06:00:00,1 days 03:00:00.000000000
bob01,fg,291,1991-04-28 06:00:00,1 days 04:00:00.000000000
bob01,fg,292,1991-04-28 06:00:00,1 days 05:00:00.000000000
bob01,fg,293,1991-04-28 06:00:00,1 days 06:00:00.000000000
bob01,fg,294,1991-04-28 06:00:00,1 days 07:00:00.000000000
bob01,fg,295,1991-04-28 06:00:00,1 days 08:00:00.000000000
bob01,fg,296,1991-04-28 06:00:00,1 days 09:00:00.000000000
bob01,fg,297,1991-04-28 06:00:00,1 days 10:00:00.000000000
bob01,fg,298,1991-04-28 06:00:00,1 days 11:00:00.000000000
bob01,fg,299,1991-04-28 06:00:00,1 days 12:00:00.000000000
bob01,fg,300,1991-04-28 06:00:00,1 days 13:00:00.000000000
bob01,fg,301,1991-04-28 06:00:00,1 days 14:00:00.000000000
bob01,fg,302,1991-04-28 06:00:00,1 days 15:00:00.000000000
bob01,fg,303,1991-04-28 06:00:00,1 days 16:00:00.000000000
bob01,fg,304,1991-04-28 06:00:00,1 days 17:00:00.000000000
bob01,fg,305,1991-04-28 06:00:00,1 days 18:00:00.000000000
bob01,fg,306,1991-04-28 06:00:00,1 days 19:00:00.000000000
bob01,fg,307,1991-04-28 06:00:00,1 days 20:00:00.000000000
bob01,fg,308,1991-04-28 06:00:00,1 days 21:00:00.000000000
bob01,fg,309,1991-04-28 06:00:00,1 days 22:00:00.000000000
bob01,fg,310,1991-04-28 06:00:00,1 days 23:00:00.000000000
bob01,fg,311,1991-04-28 06:00:00,2 days 00:00:00.000000000
bob01,fg,312,1991-04-28 06:00:00,2 days 01:00:00.000000000
bob01,fg,313,1991-04-28 06:00:00,2 days 02:00:00.000000000
bob01,fg,314,1991-04-28 06:00:00,2 days 03:00:00.000000000
bob01,fg,315,1991-04-28 06:00:00,2 days 04:00:00.000000000
bob01,fg,316,1991-04-28 06:00:00,2 days 05:00:00.000000000
bob01,fg,317,1991-04-28 06:00:00,2 days 06:00:00.000000000
bob01,fg,318,1991-04-28 06:00:00,2 days 07:00:00.000000000
bob01,fg,319,1991-04-28 06:00:00,2 days 08:00:00.000000000
bob01,fg,320,1991-04-28 06:00:00,2 days 09:00:00.000000000
bob01,fg,321,1991-04-28 06:00:00,2 days 10:00:00.000000000
bob01,fg,322,1991-04-28 06:00:00,2 days 11:00:00.000000000
bob01,fg,323,1991-04-28 06:00:00,2 days 12:00:00.000000000
bob01,fg,324,1991-04-28 06:00:00,2 days 13:00:00.000000000
bob01,fg,325,1991-04-28 06:00:00,2 days 14:00:00.000000000
bob01,fg,326,1991-04-28 06:00:00,2 days 15:00:00.000000000
bob01,fg,327,1991-04-28 06:00:00,2 days 16:00:00.000000000
bob01,fg,328,1991-04-28 06:00:00,2 days 17:00:00.000000000
bob01,fg,329,1991-04-28 06:00:00,2 days 18:00:00.000000000
bob01,fg,330,1991-04-28 06:00:00,2 days 19:00:00.000000000
bob01,fg,331,1991-04-28 06:00:00,2 days 20:00:00.000000000
bob01,fg,332,1991-04-28 06:00:00,2 days 21:00:00.000000000
bob01,fg,333,1991-04-28 06:00:00,2 days 22:00:00.000000000
bob01,fg,334,1991-04-28 06:00:00,2 days 23:00:00.000000000
bob01,fg,335,1991-04-28 06:00:00,3 days 00:00:00.000000000
bob01,fg,336,1991-04-28 09:00:00,1 days 01:00:00.000000000
bob01,fg,337,1991-04-28 09:00:00,1 days 02:00:00.000000000
bob01,fg,338,1991-04-28 09:00:00,1 days 03:00:00.000000000
bob01,fg,339,1991-04-28 09:00:00,1 days 04:00:00.000000000
bob01,fg,340,1991-04-28 09:00:00,1 days 05:00:00.000000000
bob01,fg,341,1991-04-28 09:00:00,1 days 06:00:00.000000000
bob01,fg,342,1991-04-28 09:00:00,1 days 07:00:00.000000000
bob01,fg,343,1991-04-28 09:00:00,1 days 08:00:00.000000000
bob01,fg,344,1991-04-28 09:00:00,1 days 09:00:00.000000000
bob01,fg,345,1991-04-28 09:00:00,1 days 10:00:00.000000000
bob01,fg,346,1991-04-28 09:00:00,1 days 11:00:00.000000000
bob01,fg,347,1991-04-28 09:00:00,1 days 12:00:00.000000000
bob01,fg,348,1991-04-28 09:00:00,1 days 13:00:00.000000000
bob01,fg,349,1991-04-28 09:00:00,1 days 14:00:00.000000000
bob01,fg,350,1991-04-28 09:00:00,1 days 15:00:00.000000000
bob01,fg,351,1991-04-28 09:00:00,1 days 16:00:00.000000000
bob01,fg,352,1991-04-28 09:00:00,1 days 17:00:00.000000000
bob01,fg,353,1991-04-28 09:00:00,1 days 18:00:00.000000000
bob01,fg,354,1991-04-28 09:00:00,1 days 19:00:00.000000000
bob01,fg,355,1991-04-28 09:00:00,1 days 20:00:00.000000000
bob01,fg,356,1991-04-28 09:00:00,1 days 21:00:00.000000000
bob01,fg,357,1991-04-28 09:00:00,1 days 22:00:00.000000000
bob01,fg,358,1991-04-28 09:00:00,1 days 23:00:00.000000000
bob01,fg,359,1991-04-28 09:00:00,2 days 00:00:00.000000000
bob01,fg,360,1991-04-28 09:00:00,2 days 01:00:00.000000000
bob01,fg,361,1991-04-28 09:00:00,2 days 02:00:00.000000000
bob01,fg,362,1991-04-28 09:00:00,2 days 03:00:00.000000000
bob01,fg,363,1991-04-28 09:00:00,2 days 04:00:00.000000000
bob01,fg,364,1991-04-28 09:00:00,2 days 05:00:00.000000000
bob01,fg,365,1991-04-28 09:00:00,2 days 06:00:00.000000000
bob01,fg,366,1991-04-28 09:00:00,2 days 07:00:00.000000000
bob01,fg,367,1991-04-28 09:00:00,2 days 08:00:00.000000000
bob01,fg,368,1991-04-28 09:00:00,2 days 09:00:00.000000000
bob01,fg,369,1991-04-28 09:00:00,2 days 10:00:00.000000000
bob01,fg,370,1991-04-28 09:00:00,2 days 11:00:00.000000000
bob01,fg,371,1991-04-28 09:00:00,2 days 12:00:00.000000000
bob01,fg,372,1991-04-28 09:00:00,2 days 13:00:00.000000000
bob01,fg,373,1991-04-28 09:00:00,2 days 14:00:00.000000000
bob01,fg,374,1991-04-28 09:00:00,2 days 15:00:00.000000000
bob01,fg,375,1991-04-28 09:00:00,2 days 16:00:00.000000000
bob01,fg,376,1991-04-28 09:00:00,2 days 17:00:00.000000000
bob01,fg,377,1991-04-28 09:00:00,2 days 18:00:00.000000000
bob01,fg,378,1991-04-28 09:00:00,2 days 19:00:00.000000000
bob01,fg,379,1991-04-28 09:00:00,2 days 20:00:00.000000000
bob01,fg,380,1991-04-28 09:00:00,2 days 21:00:00.000000000
bob01,fg,381,1991-04-28 09:00:00,2 days 22:00:00.000000000
bob01,fg,382,1991-04-28 09:00:00,2 days 23:00:00.000000000
bob01,fg,383,1991-04-28 09:00:00,3 days 00:00:00.000000000
bob01,fg,384,1991-04-28 12:00:00,1 days 01:00:00.000000000
bob01,fg,385,1991-04-28 12:00:00,1 days 02:00:00.000000000
bob01,fg,386,1991-04-28 12:00:00,1 days 03:00:00.000000000
bob01,fg,387,1991-04-28 12:00:00,1 days 04:00:00.000000000
bob01,fg,388,1991-04-28 12:00:00,1 days 05:00:00.000000000
bob01,fg,389,1991-04-28 12:00:00,1 days 06:00:00.000000000
bob01,fg,390,1991-04-28 12:00:00,1 days 07:00:00.000000000
bob01,fg,391,1991-04-28 12:00:00,1 days 08:00:00.000000000
bob01,fg,392,1991-04-28 12:00:00,1 days 09:00:00.000000000
bob01,fg,393,1991-04-28 12:00:00,1 days 10:00:00.000000000
bob01,fg,394,1991-04-28 12:00:00,1 days 11:00:00.000000000
bob01,fg,395,1991-04-28 12:00:00,1 days 12:00:00.000000000
bob01,fg,396,1991-04-28 12:00:00,1 days 13:00:00.000000000
bob01,fg,397,1991-04-28 12:00:00,1 days 14:00:00.000000000
bob01,fg,398,1991-04-28 12:00:00,1 days 15:00:00.000000000
bob01,fg,399,1991-04-28 12:00:00,1 days 16:00:00.000000000
bob01,fg,400,1991-04-28 12:00:00,1 days 17:00:00.000000000
bob01,fg,401,1991-04-28 12:00:00,1 days 18:00:00.000000000
bob01,fg,402,1991-04-28 12:00:00,1 days 19:00:00.000000000
bob01,fg,403,1991-04-28 12:00:00,1 days 20:00:00.000000000
bob01,fg,404,1991-04-28 12:00:00,1 days 21:00:00.000000000
bob01,fg,405,1991-04-28 12:00:00,1 days 22:00:00.000000000
bob01,fg,406,1991-04-28 12:00:00,1 days 23:00:00.000000000
bob01,fg,407,1991-04-28 12:00:00,2 days 00:00:00.000000000
bob01,fg,408,1991-04-28 12:00:00,2 days 01:00:00.000000000
bob01,fg,409,1991-04-28 12:00:00,2 days 02:00:00.000000000
bob01,fg,410,1991-04-28 12:00:00,2 days 03:00:00.000000000
bob01,fg,411,1991-04-28 12:00:00,2 days 04:00:00.000000000
bob01,fg,412,1991-04-28 12:00:00,2 days 05:00:00.000000000
bob01,fg,413,1991-04-28 12:00:00,2 days 06:00:00.000000000
bob01,fg,414,1991-04-28 12:00:00,2 days 07:00:00.000000000
bob01,fg,415,1991-04-28 12:00:00,2 days 08:00:00.000000000
bob01,fg,416,1991-04-28 12:00:00,2 days 09:00:00.000000000
bob01,fg,417,1991-04-28 12:00:00,2 days 10:00:00.000000000
bob01,fg,418,1991-04-28 12:00:00,2 days 11:00:00.000000000
bob01,fg,419,1991-04-28 12:00:00,2 days 12:00:00.000000000
bob01,fg,420,1991-04-28 12:00:00,2 days 13:00:00.000000000
bob01,fg,421,1991-04-28 12:00:00,2 days 14:00:00.000000000
bob01,fg,422,1991-04-28 12:00:00,2 days 15:00:00.000000000
bob01,fg,423,1991-04-28 12:00:00,2 days 16:00:00.000000000
bob01,fg,424,1991-04-28 12:00:00,2 days 17:00:00.000000000
bob01,fg,425,1991-04-28 12:00:00,2 days 18:00:00.000000000
bob01,fg,426,1991-04-28 12:00:00,2 days 19:00:00.000000000
bob01,fg,427,1991-04-28 12:00:00,2 days 20:00:00.000000000
bob01,fg,428,1991-04-28 12:00:00,2 days 21:00:00.000000000
bob01,fg,429,1991-04-28 12:00:00,2 days 22:00:00.000000000
bob01,fg,430,1991-04-28 12:00:00,2 days 23:00:00.000000000
bob01,fg,431,1991-04-28 12:00:00,3 days 00:00:00.000000000
bob01,psl,0,1991-04-27 12:00:00,1 days 00:30:00.000000000
bob01,psl,1,1991-04-27 12:00:00,1 days 01:30:00.000000000
bob01,psl,2,1991-04-27 12:00:00,1 days 02:30:00.000000000
bob01,psl,3,1991-04-27 12:00:00,1 days 03:30:00.000000000
bob01,psl,4,1991-04-27 12:00:00,1 days 04:30:00.000000000
bob01,psl,5,1991-04-27 12:00:00,1 days 05:30:00.000000000
bob01,psl,6,1991-04-27 12:00:00,1 days 06:30:00.000000000
bob01,psl,7,1991-04-27 12:00:00,1 days 07:30:00.000000000
bob01,psl,8,1991-04-27 12:00:00,1 days 08:30:00.000000000
bob01,psl,9,1991-04-27 12:00:00,1 days 09:30:00.000000000
bob01,psl,10,1991-04-27 12:00:00,1 days 10:30:00.000000000
bob01,psl,11,1991-04-27 12:00:00,1 days 11:30:00.000000000
bob01,psl,12,1991-04-27 12:00:00,1 days 12:30:00.000000000
bob01,psl,13,1991-04-27 12:00:00,1 days 13:30:00.000000000
bob01,psl,14,1991-04-27 12:00:00,1 days 14:30:00.000000000
bob01,psl,15,1991-04-27 12:00:00,1 days 15:30:00.000000000
bob01,psl,16,1991-04-27 12:00:00,1 days 16:30:00.000000000
bob01,psl,17,1991-04-27 12:00:00,1 days 17:30:00.000000000
bob01,psl,18,1991-04-27 12:00:00,1 days 18:30:00.000000000
bob01,psl,19,1991-04-27 12:00:00,1 days 19:30:00.000000000
bob01,psl,20,1991-04-27 12:00:00,1 days 20:30:00.000000000
bob01,psl,21,1991-04-27 12:00:00,1 days 21:30:00.000000000
bob01,psl,22,1991-04-27 12:00:00,1 days 22:30:00.000000000
bob01,psl,23,1991-04-27 12:00:00,1 days 23:30:00.000000000
bob01,psl,24,1991-04-27 12:00:00,2 days 00:30:00.000000000
bob01,psl,25,1991-04-27 12:00:00,2 days 01:30:00.000000000
bob01,psl,26,1991-04-27 12:00:00,2 days 02:30:00.000000000
bob01,psl,27,1991-04-27 12:00:00,2 days 03:30:00.000000000
bob01,psl,28,1991-04-27 12:00:00,2 days 04:30:00.000000000
bob01,psl,29,1991-04-27 12:00:00,2 days 05:30:00.000000000
bob01,psl,30,1991-04-27 12:00:00,2 days 06:30:00.000000000
bob01,psl,31,1991-04-27 12:00:00,2 days 07:30:00.000000000
bob01,psl,32,1991-04-27 12:00:00,2 days 08:30:00.000000000
bob01,psl,33,1991-04-27 12:00:00,2 days 09:30:00.000000000
bob01,psl,34,1991-04-27 12:00:00,2 days 10:30:00.000000000
bob01,psl,35,1991-04-27 12:00:00,2 days 11:30:00.000000000
bob01,psl,36,1991-04-27 12:00:00,2 days 12:30:00.000000000
bob01,psl,37,1991-04-27 12:00:00,2 days 13:30:00.000000000
bob01,psl,38,1991-04-27 12:00:00,2 days 14:30:00.000000000
bob01,psl,39,1991-04-27 12:00:00,2 days 15:30:00.000000000
bob01,psl,40,1991-04-27 12:00:00,2 days 16:30:00.000000000
bob01,psl,41,1991-04-27 12:00:00,2 days 17:30:00.000000000
bob01,psl,42,1991-04-27 12:00:00,2 days 18:30:00.000000000
bob01,psl,43,1991-04-27 12:00:00,2 days 19:30:00.000000000
bob01,psl,44,1991-04-27 12:00:00,2 days 20:30:00.000000000
bob01,psl,45,1991-04-27 12:00:00,2 days 21:30:00.000000000
bob01,psl,46,1991-04-27 12:00:00,2 days 22:30:00.000000000
bob01,psl,47,1991-04-27 12:00:00,2 days 23:30:00.000000000
bob01,psl,48,1991-04-27 15:00:00,1 days 00:30:00.000000000
bob01,psl,49,1991-04-27 15:00:00,1 days 01:30:00.000000000
bob01,psl,50,1991-04-27 15:00:00,1 days 02:30:00.000000000
bob01,psl,51,1991-04-27 15:00:00,1 days 03:30:00.000000000
bob01,psl,52,1991-04-27 15:00:00,1 days 04:30:00.000000000
bob01,psl,53,1991-04-27 15:00:00,1 days 05:30:00.000000000
bob01,psl,54,1991-04-27 15:00:00,1 days 06:30:00.000000000
bob01,psl,55,1991-04-27 15:00:00,1 days 07:30:00.000000000
bob01,psl,56,1991-04-27 15:00:00,1 days 08:30:00.000000000
bob01,psl,57,1991-04-27 15:00:00,1 days 09:30:00.000000000
bob01,psl,58,1991-04-27 15:00:00,1 days 10:30:00.000000000
bob01,psl,59,1991-04-27 15:00:00,1 days 11:30:00.000000000
bob01,psl,60,1991-04-27 15:00:00,1 days 12:30:00.000000000
bob01,psl,61,1991-04-27 15:00:00,1 days 13:30:00.000000000
bob01,psl,62,1991-04-27 15:00:00,1 days 14:30:00.000000000
bob01,psl,63,1991-04-27 15:00:00,1 days 15:30:00.000000000
bob01,psl,64,1991-04-27 15:00:00,1 days 16:30:00.000000000
bob01,psl,65,1991-04-27 15:00:00,1 days 17:30:00.000000000
bob01,psl,66,1991-04-27 15:00:00,1 days 18:30:00.000000000
bob01,psl,67,1991-04-27 15:00:00,1 days 19:30:00.000000000
bob01,psl,68,1991-04-27 15:00:00,1 days 20:30:00.000000000
bob01,psl,69,1991-04-27 15:00:00,1 days 21:30:00.000000000
bob01,psl,70,1991-04-27 15:00:00,1 days 22:30:00.000000000
bob01,psl,71,1991-04-27 15:00:00,1 days 23:30:00.000000000
bob01,psl,72,1991-04-27 15:00:00,2 days 00:30:00.000000000
bob01,psl,73,1991-04-27 15:00:00,2 days 01:30:00.000000000
bob01,psl,74,1991-04-27 15:00:00,2 days 02:30:00.000000000
bob01,psl,75,1991-04-27 15:00:00,2 days 03:30:00.000000000
bob01,psl,76,1991-04-27 15:00:00,2 days 04:30:00.000000000
bob01,psl,77,1991-04-27 15:00:00,2 days 05:30:00.000000000
bob01,psl,78,1991-04-27 15:00:00,2 days 06:30:00.000000000
bob01,psl,79,1991-04-27 15:00:00,2 days 07:30:00.000000000
bob01,psl,80,1991-04-27 15:00:00,2 days 08:30:00.000000000
bob01,psl,81,1991-04-27 15:00:00,2 days 09:30:00.000000000
bob01,psl,82,1991-04-27 15:00:00,2 days 10:30:00.000000000
bob01,psl,83,1991-04-27 15:00:00,2 days 11:30:00.000000000
bob01,psl,84,1991-04-27 15:00:00,2 days 12:30:00.000000000
bob01,psl,85,1991-04-27 15:00:00,2 days 13:30:00.000000000
bob01,psl,86,1991-04-27 15:00:00,2 days 14:30:00.000000000
bob01,psl,87,1991-04-27 15:00:00,2 days 15:30:00.000000000
bob01,psl,88,1991-04-27 15:00:00,2 days 16:30:00.000000000
bob01,psl,89,1991-04-27 15:00:00,2 days 17:30:00.000000000
bob01,psl,90,1991-04-27 15:00:00,2 days 18:30:00.000000000
bob01,psl,91,1991-04-27 15:00:00,2 days 19:30:00.000000000
bob01,psl,92,1991-04-27 15:00:00,2 days 20:30:00.000000000
bob01,psl,93,1991-04-27 15:00:00,2 days 21:30:00.000000000
bob01,psl,94,1991-04-27 15:00:00,2 days 22:30:00.000000000
bob01,psl,95,1991-04-27 15:00:00,2 days 23:30:00.000000000
bob01,psl,96,1991-04-27 18:00:00,1 days 00:30:00.000000000
bob01,psl,97,1991-04-27 18:00:00,1 days 01:30:00.000000000
bob01,psl,98,1991-04-27 18:00:00,1 days 02:30:00.000000000
bob01,psl,99,1991-04-27 18:00:00,1 days 03:30:00.000000000
bob01,psl,100,1991-04-27 18:00:00,1 days 04:30:00.000000000
bob01,psl,101,1991-04-27 18:00:00,1 days 05:30:00.000000000
bob01,psl,102,1991-04-27 18:00:00,1 days 06:30:00.000000000
bob01,psl,103,1991-04-27 18:00:00,1 days 07:30:00.000000000
bob01,psl,104,1991-04-27 18:00:00,1 days 08:30:00.000000000
bob01,psl,105,1991-04-27 18:00:00,1 days 09:30:00.000000000
bob01,psl,106,1991-04-27 18:00:00,1 days 10:30:00.000000000
bob01,psl,107,1991-04-27 18:00:00,1 days 11:30:00.000000000
bob01,psl,108,1991-04-27 18:00:00,1 days 12:30:00.000000000
bob01,psl,109,1991-04-27 18:00:00,1 days 13:30:00.000000000
bob01,psl,110,1991-04-27 18:00:00,1 days 14:30:00.000000000
bob01,psl,111,1991-04-27 18:00:00,1 days 15:30:00.000000000
bob01,psl,112,1991-04-27 18:00:00,1 days 16:30:00.000000000
bob01,psl,113,1991-04-27 18:00:00,1 days 17:30:00.000000000
bob01,psl,114,1991-04-27 18:00:00,1 days 18:30:00.000000000
bob01,psl,115,1991-04-27 18:00:00,1 days 19:30:00.000000000
bob01,psl,116,1991-04-27 18:00:00,1 days 20:30:00.000000000
bob01,psl,117,1991-04-27 18:00:00,1 days 21:30:00.000000000
bob01,psl,118,1991-04-27 18:00:00,1 days 22:30:00.000000000
bob01,psl,119,1991-04-27 18:00:00,1 days 23:30:00.000000000
bob01,psl,120,1991-04-27 18:00:00,2 days 00:30:00.000000000
bob01,psl,121,1991-04-27 18:00:00,2 days 01:30:00.000000000
bob01,psl,122,1991-04-27 18:00:00,2 days 02:30:00.000000000
bob01,psl,123,1991-04-27 18:00:00,2 days 03:30:00.000000000
bob01,psl,124,1991-04-27 18:00:00,2 days 04:30:00.000000000
bob01,psl,125,1991-04-27 18:00:00,2 days 05:30:00.000000000
bob01,psl,126,1991-04-27 18:00:00,2 days 06:30:00.000000000
bob01,psl,127,1991-04-27 18:00:00,2 days 07:30:00.000000000
bob01,psl,128,1991-04-27 18:00:00,2 days 08:30:00.000000000
bob01,psl,129,1991-04-27 18:00:00,2 days 09:30:00.000000000
bob01,psl,130,1991-04-27 18:00:00,2 days 10:30:00.000000000
bob01,psl,131,1991-04-27 18:00:00,2 days 11:30:00.000000000
bob01,psl,132,1991-04-27 18:00:00,2 days 12:30:00.000000000
bob01,psl,133,1991-04-27 18:00:00,2 days 13:30:00.000000000
bob01,psl,134,1991-04-27 18:00:00,2 days 14:30:00.000000000
bob01,psl,135,1991-04-27 18:00:00,2 days 15:30:00.000000000
bob01,psl,136,1991-04-27 18:00:00,2 days 16:30:00.000000000
bob01,psl,137,1991-04-27 18:00:00,2 days 17:30:00.000000000
bob01,psl,138,1991-04-27 18:00:00,2 days 18:30:00.000000000
bob01,psl,139,1991-04-27 18:00:00,2 days 19:30:00.000000000
bob01,psl,140,1991-04-27 18:00:00,2 days 20:30:00.000000000
bob01,psl,141,1991-04-27 18:00:00,2 days 21:30:00.000000000
bob01,psl,142,1991-04-27 18:00:00,2 days 22:30:00.000000000
bob01,psl,143,1991-04-27 18:00:00,2 days 23:30:00.000000000
bob01,psl,144,1991-04-27 21:00:00,1 days 00:30:00.000000000
bob01,psl,145,1991-04-27 21:00:00,1 days 01:30:00.000000000
bob01,psl,146,1991-04-27 21:00:00,1 days 02:30:00.000000000
bob01,psl,147,1991-04-27 21:00:00,1 days 03:30:00.000000000
bob01,psl,148,1991-04-27 21:00:00,1 days 04:30:00.000000000
bob01,psl,149,1991-04-27 21:00:00,1 days 05:30:00.000000000
bob01,psl,150,1991-04-27 21:00:00,1 days 06:30:00.000000000
bob01,psl,151,1991-04-27 21:00:00,1 days 07:30:00.000000000
bob01,psl,152,1991-04-27 21:00:00,1 days 08:30:00.000000000
bob01,psl,153,1991-04-27 21:00:00,1 days 09:30:00.000000000
bob01,psl,154,1991-04-27 21:00:00,1 days 10:30:00.000000000
bob01,psl,155,1991-04-27 21:00:00,1 days 11:30:00.000000000
bob01,psl,156,1991-04-27 21:00:00,1 days 12:30:00.000000000
bob01,psl,157,1991-04-27 21:00:00,1 days 13:30:00.000000000
bob01,psl,158,1991-04-27 21:00:00,1 days 14:30:00.000000000
bob01,psl,159,1991-04-27 21:00:00,1 days 15:30:00.000000000
bob01,psl,160,1991-04-27 21:00:00,1 days 16:30:00.000000000
bob01,psl,161,1991-04-27 21:00:00,1 days 17:30:00.000000000
bob01,psl,162,1991-04-27 21:00:00,1 days 18:30:00.000000000
bob01,psl,163,1991-04-27 21:00:00,1 days 19:30:00.000000000
bob01,psl,164,1991-04-27 21:00:00,1 days 20:30:00.000000000
bob01,psl,165,1991-04-27 21:00:00,1 days 21:30:00.000000000
bob01,psl,166,1991-04-27 21:00:00,1 days 22:30:00.000000000
bob01,psl,167,1991-04-27 21:00:00,1 days 23:30:00.000000000
bob01,psl,168,1991-04-27 21:00:00,2 days 00:30:00.000000000
bob01,psl,169,1991-04-27 21:00:00,2 days 01:30:00.000000000
bob01,psl,170,1991-04-27 21:00:00,2 days 02:30:00.000000000
bob01,psl,171,1991-04-27 21:00:00,2 days 03:30:00.000000000
bob01,psl,172,1991-04-27 21:00:00,2 days 04:30:00.000000000
bob01,psl,173,1991-04-27 21:00:00,2 days 05:30:00.000000000
bob01,psl,174,1991-04-27 21:00:00,2 days 06:30:00.000000000
bob01,psl,175,1991-04-27 21:00:00,2 days 07:30:00.000000000
bob01,psl,176,1991-04-27 21:00:00,2 days 08:30:00.000000000
bob01,psl,177,1991-04-27 21:00:00,2 days 09:30:00.000000000
bob01,psl,178,1991-04-27 21:00:00,2 days 10:30:00.000000000
bob01,psl,179,1991-04-27 21:00:00,2 days 11:30:00.000000000
bob01,psl,180,1991-04-27 21:00:00,2 days 12:30:00.000000000
bob01,psl,181,1991-04-27 21:00:00,2 days 13:30:00.000000000
bob01,psl,182,1991-04-27 21:00:00,2 days 14:30:00.000000000
bob01,psl,183,1991-04-27 21:00:00,2 days 15:30:00.000000000
bob01,psl,184,1991-04-27 21:00:00,2 days 16:30:00.000000000
bob01,psl,185,1991-04-27 21:00:00,2 days 17:30:00.000000000
bob01,psl,186,1991-04-27 21:00:00,2 days 18:30:00.000000000
bob01,psl,187,1991-04-27 21:00:00,2 days 19:30:00.000000000
bob01,psl,188,1991-04-27 21:00:00,2 days 20:30:00.000000000
bob01,psl,189,1991-04-27 21:00:00,2 days 21:30:00.000000000
bob01,psl,190,1991-04-27 21:00:00,2 days 22:30:00.000000000
bob01,psl,191,1991-04-27 21:00:00,2 days 23:30:00.000000000
bob01,psl,192,1991-04-28 00:00:00,1 days 00:30:00.000000000
bob01,psl,193,1991-04-28 00:00:00,1 days 01:30:00.000000000
bob01,psl,194,1991-04-28 00:00:00,1 days 02:30:00.000000000
bob01,psl,195,1991-04-28 00:00:00,1 days 03:30:00.000000000
bob01,psl,196,1991-04-28 00:00:00,1 days 04:30:00.000000000
bob01,psl,197,1991-04-28 00:00:00,1 days 05:30:00.000000000
bob01,psl,198,1991-04-28 00:00:00,1 days 06:30:00.000000000
bob01,psl,199,1991-04-28 00:00:00,1 days 07:30:00.000000000
bob01,psl,200,1991-04-28 00:00:00,1 days 08:30:00.000000000
bob01,psl,201,1991-04-28 00:00:00,1 days 09:30:00.000000000
bob01,psl,202,1991-04-28 00:00:00,1 days 10:30:00.000000000
bob01,psl,203,1991-04-28 00:00:00,1 days 11:30:00.000000000
bob01,psl,204,1991-04-28 00:00:00,1 days 12:30:00.000000000
bob01,psl,205,1991-04-28 00:00:00,1 days 13:30:00.000000000
bob01,psl,206,1991-04-28 00:00:00,1 days 14:30:00.000000000
bob01,psl,207,1991-04-28 00:00:00,1 days 15:30:00.000000000
bob01,psl,208,1991-04-28 00:00:00,1 days 16:30:00.000000000
bob01,psl,209,1991-04-28 00:00:00,1 days 17:30:00.000000000
bob01,psl,210,1991-04-28 00:00:00,1 days 18:30:00.000000000
bob01,psl,211,1991-04-28 00:00:00,1 days 19:30:00.000000000
bob01,psl,212,1991-04-28 00:00:00,1 days 20:30:00.000000000
bob01,psl,213,1991-04-28 00:00:00,1 days 21:30:00.000000000
bob01,psl,214,1991-04-28 00:00:00,1 days 22:30:00.000000000
bob01,psl,215,1991-04-28 00:00:00,1 days 23:30:00.000000000
bob01,psl,216,1991-04-28 00:00:00,2 days 00:30:00.000000000
bob01,psl,217,1991-04-28 00:00:00,2 days 01:30:00.000000000
bob01,psl,218,1991-04-28 00:00:00,2 days 02:30:00.000000000
bob01,psl,219,1991-04-28 00:00:00,2 days 03:30:00.000000000
bob01,psl,220,1991-04-28 00:00:00,2 days 04:30:00.000000000
bob01,psl,221,1991-04-28 00:00:00,2 days 05:30:00.000000000
bob01,psl,222,1991-04-28 00:00:00,2 days 06:30:00.000000000
bob01,psl,223,1991-04-28 00:00:00,2 days 07:30:00.000000000
bob01,psl,224,1991-04-28 00:00:00,2 days 08:30:00.000000000
bob01,psl,225,1991-04-28 00:00:00,2 days 09:30:00.000000000
bob01,psl,226,1991-04-28 00:00:00,2 days 10:30:00.000000000
bob01,psl,227,1991-04-28 00:00:00,2 days 11:30:00.000000000
bob01,psl,228,1991-04-28 00:00:00,2 days 12:30:00.000000000
bob01,psl,229,1991-04-28 00:00:00,2 days 13:30:00.000000000
bob01,psl,230,1991-04-28 00:00:00,2 days 14:30:00.000000000
bob01,psl,231,1991-04-28 00:00:00,2 days 15:30:00.000000000
bob01,psl,232,1991-04-28 00:00:00,2 days 16:30:00.000000000
bob01,psl,233,1991-04-28 00:00:00,2 days 17:30:00.000000000
bob01,psl,234,1991-04-28 00:00:00,2 days 18:30:00.000000000
bob01,psl,235,1991-04-28 00:00:00,2 days 19:30:00.000000000
bob01,psl,236,1991-04-28 00:00:00,2 days 20:30:00.000000000
bob01,psl,237,1991-04-28 00:00:00,2 days 21:30:00.000000000
bob01,psl,238,1991-04-28 00:00:00,2 days 22:30:00.000000000
bob01,psl,239,1991-04-28 00:00:00,2 days 23:30:00.000000000
bob01,psl,240,1991-04-28 03:00:00,1 days 00:30:00.000000000
bob01,psl,241,1991-04-28 03:00:00,1 days 01:30:00.000000000
bob01,psl,242,1991-04-28 03:00:00,1 days 02:30:00.000000000
bob01,psl,243,1991-04-28 03:00:00,1 days 03:30:00.000000000
bob01,psl,244,1991-04-28 03:00:00,1 days 04:30:00.000000000
bob01,psl,245,1991-04-28 03:00:00,1 days 05:30:00.000000000
bob01,psl,246,1991-04-28 03:00:00,1 days 06:30:00.000000000
bob01,psl,247,1991-04-28 03:00:00,1 days 07:30:00.000000000
bob01,psl,248,1991-04-28 03:00:00,1 days 08:30:00.000000000
bob01,psl,249,1991-04-28 03:00:00,1 days 09:30:00.000000000
bob01,psl,250,1991-04-28 03:00:00,1 days 10:30:00.000000000
bob01,psl,251,1991-04-28 03:00:00,1 days 11:30:00.000000000
bob01,psl,252,1991-04-28 03:00:00,1 days 12:30:00.000000000
bob01,psl,253,1991-04-28 03:00:00,1 days 13:30:00.000000000
bob01,psl,254,1991-04-28 03:00:00,1 days 14:30:00.000000000
bob01,psl,255,1991-04-28 03:00:00,1 days 15:30:00.000000000
bob01,psl,256,1991-04-28 03:00:00,1 days 16:30:00.000000000
bob01,psl,257,1991-04-28 03:00:00,1 days 17:30:00.000000000
bob01,psl,258,1991-04-28 03:00:00,1 days 18:30:00.000000000
bob01,psl,259,1991-04-28 03:00:00,1 days 19:30:00.000000000
bob01,psl,260,1991-04-28 03:00:00,1 days 20:30:00.000000000
bob01,psl,261,1991-04-28 03:00:00,1 days 21:30:00.000000000
bob01,psl,262,1991-04-28 03:00:00,1 days 22:30:00.000000000
bob01,psl,263,1991-04-28 03:00:00,1 days 23:30:00.000000000
bob01,psl,264,1991-04-28 03:00:00,2 days 00:30:00.000000000
bob01,psl,265,1991-04-28 03:00:00,2 days 01:30:00.000000000
bob01,psl,266,1991-04-28 03:00:00,2 days 02:30:00.000000000
bob01,psl,267,1991-04-28 03:00:00,2 days 03:30:00.000000000
bob01,psl,268,1991-04-28 03:00:00,2 days 04:30:00.000000000
bob01,psl,269,1991-04-28 03:00:00,2 days 05:30:00.000000000
bob01,psl,270,1991-04-28 03:00:00,2 days 06:30:00.000000000
bob01,psl,271,1991-04-28 03:00:00,2 days 07:30:00.000000000
bob01,psl,272,1991-04-28 03:00:00,2 days 08:30:00.000000000
bob01,psl,273,1991-04-28 03:00:00,2 days 09:30:00.000000000
bob01,psl,274,1991-04-28 03:00:00,2 days 10:30:00.000000000
bob01,psl,275,1991-04-28 03:00:00,2 days 11:30:00.000000000
bob01,psl,276,1991-04-28 03:00:00,2 days 12:30:00.000000000
bob01,psl,277,1991-04-28 03:00:00,2 days 13:30:00.000000000
bob01,psl,278,1991-04-28 03:00:00,2 days 14:30:00.000000000
bob01,psl,279,1991-04-28 03:00:00,2 days 15:30:00.000000000
bob01,psl,280,1991-04-28 03:00:00,2 days 16:30:00.000000000
bob01,psl,281,1991-04-28 03:00:00,2 days 17:30:00.000000000
bob01,psl,282,1991-04-28 03:00:00,2 days 18:30:00.000000000
bob01,psl,283,1991-04-28 03:00:00,2 days 19:30:00.000000000
bob01,psl,284,1991-04-28 03:00:00,2 days 20:30:00.000000000
bob01,psl,285,1991-04-28 03:00:00,2 days 21:30:00.000000000
bob01,psl,286,1991-04-28 03:00:00,2 days 22:30:00.000000000
bob01,psl,287,1991-04-28 03:00:00,2 days 23:30:00.000000000
bob01,psl,288,1991-04-28 06:00:00,1 days 00:30:00.000000000
bob01,psl,289,1991-04-28 06:00:00,1 days 01:30:00.000000000
bob01,psl,290,1991-04-28 06:00:00,1 days 02:30:00.000000000
bob01,psl,291,1991-04-28 06:00:00,1 days 03:30:00.000000000
bob01,psl,292,1991-04-28 06:00:00,1 days 04:30:00.000000000
bob01,psl,293,1991-04-28 06:00:00,1 days 05:30:00.000000000
bob01,psl,294,1991-04-28 06:00:00,1 days 06:30:00.000000000
bob01,psl,295,1991-04-28 06:00:00,1 days 07:30:00.000000000
bob01,psl,296,1991-04-28 06:00:00,1 days 08:30:00.000000000
bob01,psl,297,1991-04-28 06:00:00,1 days 09:30:00.000000000
bob01,psl,298,1991-04-28 06:00:00,1 days 10:30:00.000000000
bob01,psl,299,1991-04-28 06:00:00,1 days 11:30:00.000000000
bob01,psl,300,1991-04-28 06:00:00,1 days 12:30:00.000000000
bob01,psl,301,1991-04-28 06:00:00,1 days 13:30:00.000000000
bob01,psl,302,1991-04-28 06:00:00,1 days 14:30:00.000000000
bob01,psl,303,1991-04-28 06:00:00,1 days 15:30:00.000000000
bob01,psl,304,1991-04-28 06:00:00,1 days 16:30:00.000000000
bob01,psl,305,1991-04-28 06:00:00,1 days 17:30:00.000000000
bob01,psl,306,1991-04-28 06:00:00,1 days 18:30:00.000000000
bob01,psl,307,1991-04-28 06:00:00,1 days 19:30:00.000000000
bob01,psl,308,1991-04-28 06:00:00,1 days 20:30:00.000000000
bob01,psl,309,1991-04-28 06:00:00,1 days 21:30:00.000000000
bob01,psl,310,1991-04-28 06:00:00,1 days 22:30:00.000000000
bob01,psl,311,1991-04-28 06:00:00,1 days 23:30:00.000000000
bob01,psl,312,1991-04-28 06:00:00,2 days 00:30:00.000000000
bob01,psl,313,1991-04-28 06:00:00,2 days 01:30:00.000000000
bob01,psl,314,1991-04-28 06:00:00,2 days 02:30:00.000000000
bob01,psl,315,1991-04-28 06:00:00,2 days 03:30:00.000000000
bob01,psl,316,1991-04-28 06:00:00,2 days 04:30:00.000000000
bob01,psl,317,1991-04-28 06:00:00,2 days 05:30:00.000000000
bob01,psl,318,1991-04-28 06:00:00,2 days 06:30:00.000000000
bob01,psl,319,1991-04-28 06:00:00,2 days 07:30:00.000000000
bob01,psl,320,1991-04-28 06:00:00,2 days 08:30:00.000000000
bob01,psl,321,1991-04-28 06:00:00,2 days 09:30:00.000000000
bob01,psl,322,1991-04-28 06:00:00,2 days 10:30:00.000000000
bob01,psl,323,1991-04-28 06:00:00,2 days 11:30:00.000000000
bob01,psl,324,1991-04-28 06:00:00,2 days 12:30:00.000000000
bob01,psl,325,1991-04-28 06:00:00,2 days 13:30:00.000000000
bob01,psl,326,1991-04-28 06:00:00,2 days 14:30:00.000000000
bob01,psl,327,1991-04-28 06:00:00,2 days 15:30:00.000000000
bob01,psl,328,1991-04-28 06:00:00,2 days 16:30:00.000000000
bob01,psl,329,1991-04-28 06:00:00,2 days 17:30:00.000000000
bob01,psl,330,1991-04-28 06:00:00,2 days 18:30:00.000000000
bob01,psl,331,1991-04-28 06:00:00,2 days 19:30:00.000000000
bob01,psl,332,1991-04-28 06:00:00,2 days 20:30:00.000000000
bob01,psl,333,1991-04-28 06:00:00,2 days 21:30:00.000000000
bob01,psl,334,1991-04-28 06:00:00,2 days 22:30:00.000000000
bob01,psl,335,1991-04-28 06:00:00,2 days 23:30:00.000000000
bob01,psl,336,1991-04-28 09:00:00,1 days 00:30:00.000000000
bob01,psl,337,1991-04-28 09:00:00,1 days 01:30:00.000000000
bob01,psl,338,1991-04-28 09:00:00,1 days 02:30:00.000000000
bob01,psl,339,1991-04-28 09:00:00,1 days 03:30:00.000000000
bob01,psl,340,1991-04-28 09:00:00,1 days 04:30:00.000000000
bob01,psl,341,1991-04-28 09:00:00,1 days 05:30:00.000000000
bob01,psl,342,1991-04-28 09:00:00,1 days 06:30:00.000000000
bob01,psl,343,1991-04-28 09:00:00,1 days 07:30:00.000000000
bob01,psl,344,1991-04-28 09:00:00,1 days 08:30:00.000000000
bob01,psl,345,1991-04-28 09:00:00,1 days 09:30:00.000000000
bob01,psl,346,1991-04-28 09:00:00,1 days 10:30:00.000000000
bob01,psl,347,1991-04-28 09:00:00,1 days 11:30:00.000000000
bob01,psl,348,1991-04-28 09:00:00,1 days 12:30:00.000000000
bob01,psl,349,1991-04-28 09:00:00,1 days 13:30:00.000000000
bob01,psl,350,1991-04-28 09:00:00,1 days 14:30:00.000000000
bob01,psl,351,1991-04-28 09:00:00,1 days 15:30:00.000000000
bob01,psl,352,1991-04-28 09:00:00,1 days 16:30:00.000000000
bob01,psl,353,1991-04-28 09:00:00,1 days 17:30:00.000000000
bob01,psl,354,1991-04-28 09:00:00,1 days 18:30:00.000000000
bob01,psl,355,1991-04-28 09:00:00,1 days 19:30:00.000000000
bob01,psl,356,1991-04-28 09:00:00,1 days 20:30:00.000000000
bob01,psl,357,1991-04-28 09:00:00,1 days 21:30:00.000000000
bob01,psl,358,1991-04-28 09:00:00,1 days 22:30:00.000000000
bob01,psl,359,1991-04-28 09:00:00,1 days 23:30:00.000000000
bob01,psl,360,1991-04-28 09:00:00,2 days 00:30:00.000000000
bob01,psl,361,1991-04-28 09:00:00,2 days 01:30:00.000000000
bob01,psl,362,1991-04-28 09:00:00,2 days 02:30:00.000000000
bob01,psl,363,1991-04-28 09:00:00,2 days 03:30:00.000000000
bob01,psl,364,1991-04-28 09:00:00,2 days 04:30:00.000000000
bob01,psl,365,1991-04-28 09:00:00,2 days 05:30:00.000000000
bob01,psl,366,1991-04-28 09:00:00,2 days 06:30:00.000000000
bob01,psl,367,1991-04-28 09:00:00,2 days 07:30:00.000000000
bob01,psl,368,1991-04-28 09:00:00,2 days 08:30:00.000000000
bob01,psl,369,1991-04-28 09:00:00,2 days 09:30:00.000000000
bob01,psl,370,1991-04-28 09:00:00,2 days 10:30:00.000000000
bob01,psl,371,1991-04-28 09:00:00,2 days 11:30:00.000000000
bob01,psl,372,1991-04-28 09:00:00,2 days 12:30:00.000000000
bob01,psl,373,1991-04-28 09:00:00,2 days 13:30:00.000000000
bob01,psl,374,1991-04-28 09:00:00,2 days 14:30:00.000000000
bob01,psl,375,1991-04-28 09:00:00,2 days 15:30:00.000000000
bob01,psl,376,1991-04-28 09:00:00,2 days 16:30:00.000000000
bob01,psl,377,1991-04-28 09:00:00,2 days 17:30:00.000000000
bob01,psl,378,1991-04-28 09:00:00,2 days 18:30:00.000000000
bob01,psl,379,1991-04-28 09:00:00,2 days 19:30:00.000000000
bob01,psl,380,1991-04-28 09:00:00,2 days 20:30:00.000000000
bob01,psl,381,1991-04-28 09:00:00,2 days 21:30:00.000000000
bob01,psl,382,1991-04-28 09:00:00,2 days 22:30:00.000000000
bob01,psl,383,1991-04-28 09:00:00,2 days 23:30:00.000000000
bob01,psl,384,1991-04-28 12:00:00,1 days 00:30:00.000000000
bob01,psl,385,1991-04-28 12:00:00,1 days 01:30:00.000000000
bob01,psl,386,1991-04-28 12:00:00,1 days 02:30:00.000000000
bob01,psl,387,1991-04-28 12:00:00,1 days 03:30:00.000000000
bob01,psl,388,1991-04-28 12:00:00,1 days 04:30:00.000000000
bob01,psl,389,1991-04-28 12:00:00,1 days 05:30:00.000000000
bob01,psl,390,1991-04-28 12:00:00,1 days 06:30:00.000000000
bob01,psl,391,1991-04-28 12:00:00,1 days 07:30:00.000000000
bob01,psl,392,1991-04-28 12:00:00,1 days 08:30:00.000000000
bob01,psl,393,1991-04-28 12:00:00,1 days 09:30:00.000000000
bob01,psl,394,1991-04-28 12:00:00,1 days 10:30:00.000000000
bob01,psl,395,1991-04-28 12:00:00,1 days 11:30:00.000000000
bob01,psl,396,1991-04-28 12:00:00,1 days 12:30:00.000000000
bob01,psl,397,1991-04-28 12:00:00,1 days 13:30:00.000000000
bob01,psl,398,1991-04-28 12:00:00,1 days 14:30:00.000000000
bob01,psl,399,1991-04-28 12:00:00,1 days 15:30:00.000000000
bob01,psl,400,1991-04-28 12:00:00,1 days 16:30:00.000000000
bob01,psl,401,1991-04-28 12:00:00,1 days 17:30:00.000000000
bob01,psl,402,1991-04-28 12:00:00,1 days 18:30:00.000000000
bob01,psl,403,1991-04-28 12:00:00,1 days 19:30:00.000000000
bob01,psl,404,1991-04-28 12:00:00,1 days 20:30:00.000000000
bob01,psl,405,1991-04-28 12:00:00,1 days 21:30:00.000000000
bob01,psl,406,1991-04-28 12:00:00,1 days 22:30:00.000000000
bob01,psl,407,1991-04-28 12:00:00,1 days 23:30:00.000000000
bob01,psl,408,1991-04-28 12:00:00,2 days 00:30:00.000000000
bob01,psl,409,1991-04-28 12:00:00,2 days 01:30:00.000000000
bob01,psl,410,1991-04-28 12:00:00,2 days 02:30:00.000000000
bob01,psl,411,1991-04-28 12:00:00,2 days 03:30:00.000000000
bob01,psl,412,1991-04-28 12:00:00,2 days 04:30:00.000000000
bob01,psl,413,1991-04-28 12:00:00,2 days 05:30:00.000000000
bob01,psl,414,1991-04-28 12:00:00,2 days 06:30:00.000000000
bob01,psl,415,1991-04-28 12:00:00,2 days 07:30:00.000000000
bob01,psl,416,1991-04-28 12:00:00,2 days 08:30:00.000000000
bob01,psl,417,1991-04-28 12:00:00,2 days 09:30:00.000000000
bob01,psl,418,1991-04-28 12:00:00,2 days 10:30:00.000000000
bob01,psl,419,1991-04-28 12:00:00,2 days 11:30:00.000000000
bob01,psl,420,1991-04-28 12:00:00,2 days 12:30:00.000000000
bob01,psl,421,1991-04-28 12:00:00,2 days 13:30:00.000000000
bob01,psl,422,1991-04-28 12:00:00,2 days 14:30:00.000000000
bob01,psl,423,1991-04-28 12:00:00,2 days 15:30:00.000000000
bob01,psl,424,1991-04-28 12:00:00,2 days 16:30:00.000000000
bob01,psl,425,1991-04-28 12:00:00,2 days 17:30:00.000000000
bob01,psl,426,1991-04-28 12:00:00,2 days 18:30:00.000000000
bob01,psl,427,1991-04-28 12:00:00,2 days 19:30:00.000000000
bob01,psl,428,1991-04-28 12:00:00,2 days 20:30:00.000000000
bob01,psl,429,1991-04-28 12:00:00,2 days 21:30:00.000000000
bob01,psl,430,1991-04-28 12:00:00,2 days 22:30:00.000000000
bob01,psl,431,1991-04-28 12:00:00,2 days 23:30:00.000000000
bob01,prlst,0,1991-04-27 12:00:00,1 days 00:30:00
bob01,prlst,1,1991-04-27 12:00:00,1 days 01:30:00
bob01,prlst,2,1991-04-27 12:00:00,1 days 02:30:00
bob01,prlst,3,1991-04-27 12:00:00,1 days 03:30:00
bob01,prlst,4,1991-04-27 12:00:00,1 days 04:30:00
bob01,prlst,5,1991-04-27 12:00:00,1 days 05:30:00
bob01,prlst,6,1991-04-27 12:00:00,1 days 06:30:00
bob01,prlst,7,1991-04-27 12:00:00,1 days 07:30:00
bob01,prlst,8,1991-04-27 12:00:00,1 days 08:30:00
bob01,prlst,9,1991-04-27 12:00:00,1 days 09:30:00
bob01,prlst,10,1991-04-27 12:00:00,1 days 10:30:00
bob01,prlst,11,1991-04-27 12:00:00,1 days 11:30:00
bob01,prlst,12,1991-04-27 12:00:00,1 days 12:30:00
bob01,prlst,13,1991-04-27 12:00:00,1 days 13:30:00
bob01,prlst,14,1991-04-27 12:00:00,1 days 14:30:00
bob01,prlst,15,1991-04-27 12:00:00,1 days 15:30:00
bob01,prlst,16,1991-04-27 12:00:00,1 days 16:30:00
bob01,prlst,17,1991-04-27 12:00:00,1 days 17:30:00
bob01,prlst,18,1991-04-27 12:00:00,1 days 18:30:00
bob01,prlst,19,1991-04-27 12:00:00,1 days 19:30:00
bob01,prlst,20,1991-04-27 12:00:00,1 days 20:30:00
bob01,prlst,21,1991-04-27 12:00:00,1 days 21:30:00
bob01,prlst,22,1991-04-27 12:00:00,1 days 22:30:00
bob01,prlst,23,1991-04-27 12:00:00,1 days 23:30:00
bob01,prlst,24,1991-04-27 12:00:00,2 days 00:30:00
bob01,prlst,25,1991-04-27 12:00:00,2 days 01:30:00
bob01,prlst,26,1991-04-27 12:00:00,2 days 02:30:00
bob01,prlst,27,1991-04-27 12:00:00,2 days 03:30:00
bob01,prlst,28,1991-04-27 12:00:00,2 days 04:30:00
bob01,prlst,29,1991-04-27 12:00:00,2 days 05:30:00
bob01,prlst,30,1991-04-27 12:00:00,2 days 06:30:00
bob01,prlst,31,1991-04-27 12:00:00,2 days 07:30:00
bob01,prlst,32,1991-04-27 12:00:00,2 days 08:30:00
bob01,prlst,33,1991-04-27 12:00:00,2 days 09:30:00
bob01,prlst,34,1991-04-27 12:00:00,2 days 10:30:00
bob01,prlst,35,1991-04-27 12:00:00,2 days 11:30:00
bob01,prlst,36,1991-04-27 12:00:00,2 days 12:30:00
bob01,prlst,37,1991-04-27 12:00:00,2 days 13:30:00
bob01,prlst,38,1991-04-27 12:00:00,2 days 14:30:00
bob01,prlst,39,1991-04-27 12:00:00,2 days 15:30:00
bob01,prlst,40,1991-04-27 12:00:00,2 days 16:30:00
bob01,prlst,41,1991-04-27 12:00:00,2 days 17:30:00
bob01,prlst,42,1991-04-27 12:00:00,2 days 18:30:00
bob01,prlst,43,1991-04-27 12:00:00,2 days 19:30:00
bob01,prlst,44,1991-04-27 12:00:00,2 days 20:30:00
bob01,prlst,45,1991-04-27 12:00:00,2 days 21:30:00
bob01,prlst,46,1991-04-27 12:00:00,2 days 22:30:00
bob01,prlst,47,1991-04-27 12:00:00,2 days 23:30:00
bob01,prlst,48,1991-04-27 15:00:00,1 days 00:30:00
bob01,prlst,49,1991-04-27 15:00:00,1 days 01:30:00
bob01,prlst,50,1991-04-27 15:00:00,1 days 02:30:00
bob01,prlst,51,1991-04-27 15:00:00,1 days 03:30:00
bob01,prlst,52,1991-04-27 15:00:00,1 days 04:30:00
bob01,prlst,53,1991-04-27 15:00:00,1 days 05:30:00
bob01,prlst,54,1991-04-27 15:00:00,1 days 06:30:00
bob01,prlst,55,1991-04-27 15:00:00,1 days 07:30:00
bob01,prlst,56,1991-04-27 15:00:00,1 days 08:30:00
bob01,prlst,57,1991-04-27 15:00:00,1 days 09:30:00
bob01,prlst,58,1991-04-27 15:00:00,1 days 10:30:00
bob01,prlst,59,1991-04-27 15:00:00,1 days 11:30:00
bob01,prlst,60,1991-04-27 15:00:00,1 days 12:30:00
bob01,prlst,61,1991-04-27 15:00:00,1 days 13:30:00
bob01,prlst,62,1991-04-27 15:00:00,1 days 14:30:00
bob01,prlst,63,1991-04-27 15:00:00,1 days 15:30:00
bob01,prlst,64,1991-04-27 15:00:00,1 days 16:30:00
bob01,prlst,65,1991-04-27 15:00:00,1 days 17:30:00
bob01,prlst,66,1991-04-27 15:00:00,1 days 18:30:00
bob01,prlst,67,1991-04-27 15:00:00,1 days 19:30:00
bob01,prlst,68,1991-04-27 15:00:00,1 days 20:30:00
bob01,prlst,69,1991-04-27 15:00:00,1 days 21:30:00
bob01,prlst,70,1991-04-27 15:00:00,1 days 22:30:00
bob01,prlst,71,1991-04-27 15:00:00,1 days 23:30:00
bob01,prlst,72,1991-04-27 15:00:00,2 days 00:30:00
bob01,prlst,73,1991-04-27 15:00:00,2 days 01:30:00
bob01,prlst,74,1991-04-27 15:00:00,2 days 02:30:00
bob01,prlst,75,1991-04-27 15:00:00,2 days 03:30:00
bob01,prlst,76,1991-04-27 15:00:00,2 days 04:30:00
bob01,prlst,77,1991-04-27 15:00:00,2 days 05:30:00
bob01,prlst,78,1991-04-27 15:00:00,2 days 06:30:00
bob01,prlst,79,1991-04-27 15:00:00,2 days 07:30:00
bob01,prlst,80,1991-04-27 15:00:00,2 days 08:30:00
bob01,prlst,81,1991-04-27 15:00:00,2 days 09:30:00
bob01,prlst,82,1991-04-27 15:00:00,2 days 10:30:00
bob01,prlst,83,1991-04-27 15:00:00,2 days 11:30:00
bob01,prlst,84,1991-04-27 15:00:00,2 days 12:30:00
bob01,prlst,85,1991-04-27 15:00:00,2 days 13:30:00
bob01,prlst,86,1991-04-27 15:00:00,2 days 14:30:00
bob01,prlst,87,1991-04-27 15:00:00,2 days 15:30:00
bob01,prlst,88,1991-04-27 15:00:00,2 days 16:30:00
bob01,prlst,89,1991-04-27 15:00:00,2 days 17:30:00
bob01,prlst,90,1991-04-27 15:00:00,2 days 18:30:00
bob01,prlst,91,1991-04-27 15:00:00,2 days 19:30:00
bob01,prlst,92,1991-04-27 15:00:00,2 days 20:30:00
bob01,prlst,93,1991-04-27 15:00:00,2 days 21:30:00
bob01,prlst,94,1991-04-27 15:00:00,2 days 22:30:00
bob01,prlst,95,1991-04-27 15:00:00,2 days 23:30:00
bob01,prlst,96,1991-04-27 18:00:00,1 days 00:30:00
bob01,prlst,97,1991-04-27 18:00:00,1 days 01:30:00
bob01,prlst,98,1991-04-27 18:00:00,1 days 02:30:00
bob01,prlst,99,1991-04-27 18:00:00,1 days 03:30:00
bob01,prlst,100,1991-04-27 18:00:00,1 days 04:30:00
bob01,prlst,101,1991-04-27 18:00:00,1 days 05:30:00
bob01,prlst,102,1991-04-27 18:00:00,1 days 06:30:00
bob01,prlst,103,1991-04-27 18:00:00,1 days 07:30:00
bob01,prlst,104,1991-04-27 18:00:00,1 days 08:30:00
bob01,prlst,105,1991-04-27 18:00:00,1 days 09:30:00
bob01,prlst,106,1991-04-27 18:00:00,1 days 10:30:00
bob01,prlst,107,1991-04-27 18:00:00,1 days 11:30:00
bob01,prlst,108,1991-04-27 18:00:00,1 days 12:30:00
bob01,prlst,109,1991-04-27 18:00:00,1 days 13:30:00
bob01,prlst,110,1991-04-27 18:00:00,1 days 14:30:00
bob01,prlst,111,1991-04-27 18:00:00,1 days 15:30:00
bob01,prlst,112,1991-04-27 18:00:00,1 days 16:30:00
bob01,prlst,113,1991-04-27 18:00:00,1 days 17:30:00
bob01,prlst,114,1991-04-27 18:00:00,1 days 18:30:00
bob01,prlst,115,1991-04-27 18:00:00,1 days 19:30:00
bob01,prlst,116,1991-04-27 18:00:00,1 days 20:30:00
bob01,prlst,117,1991-04-27 18:00:00,1 days 21:30:00
bob01,prlst,118,1991-04-27 18:00:00,1 days 22:30:00
bob01,prlst,119,1991-04-27 18:00:00,1 days 23:30:00
bob01,prlst,120,1991-04-27 18:00:00,2 days 00:30:00
bob01,prlst,121,1991-04-27 18:00:00,2 days 01:30:00
bob01,prlst,122,1991-04-27 18:00:00,2 days 02:30:00
bob01,prlst,123,1991-04-27 18:00:00,2 days 03:30:00
bob01,prlst,124,1991-04-27 18:00:00,2 days 04:30:00
bob01,prlst,125,1991-04-27 18:00:00,2 days 05:30:00
bob01,prlst,126,1991-04-27 18:00:00,2 days 06:30:00
bob01,prlst,127,1991-04-27 18:00:00,2 days 07:30:00
bob01,prlst,128,1991-04-27 18:00:00,2 days 08:30:00
bob01,prlst,129,1991-04-27 18:00:00,2 days 09:30:00
bob01,prlst,130,1991-04-27 18:00:00,2 days 10:30:00
bob01,prlst,131,1991-04-27 18:00:00,2 days 11:30:00
bob01,prlst,132,1991-04-27 18:00:00,2 days 12:30:00
bob01,prlst,133,1991-04-27 18:00:00,2 days 13:30:00
bob01,prlst,134,1991-04-27 18:00:00,2 days 14:30:00
bob01,prlst,135,1991-04-27 18:00:00,2 days 15:30:00
bob01,prlst,136,1991-04-27 18:00:00,2 days 16:30:00
bob01,prlst,137,1991-04-27 18:00:00,2 days 17:30:00
bob01,prlst,138,1991-04-27 18:00:00,2 days 18:30:00
bob01,prlst,139,1991-04-27 18:00:00,2 days 19:30:00
bob01,prlst,140,1991-04-27 18:00:00,2 days 20:30:00
bob01,prlst,141,1991-04-27 18:00:00,2 days 21:30:00
bob01,prlst,142,1991-04-27 18:00:00,2 days 22:30:00
bob01,prlst,143,1991-04-27 18:00:00,2 days 23:30:00
bob01,prlst,144,1991-04-27 21:00:00,1 days 00:30:00
bob01,prlst,145,1991-04-27 21:00:00,1 days 01:30:00
bob01,prlst,146,1991-04-27 21:00:00,1 days 02:30:00
bob01,prlst,147,1991-04-27 21:00:00,1 days 03:30:00
bob01,prlst,148,1991-04-27 21:00:00,1 days 04:30:00
bob01,prlst,149,1991-04-27 21:00:00,1 days 05:30:00
bob01,prlst,150,1991-04-27 21:00:00,1 days 06:30:00
bob01,prlst,151,1991-04-27 21:00:00,1 days 07:30:00
bob01,prlst,152,1991-04-27 21:00:00,1 days 08:30:00
bob01,prlst,153,1991-04-27 21:00:00,1 days 09:30:00
bob01,prlst,154,1991-04-27 21:00:00,1 days 10:30:00
bob01,prlst,155,1991-04-27 21:00:00,1 days 11:30:00
bob01,prlst,156,1991-04-27 21:00:00,1 days 12:30:00
bob01,prlst,157,1991-04-27 21:00:00,1 days 13:30:00
bob01,prlst,158,1991-04-27 21:00:00,1 days 14:30:00
bob01,prlst,159,1991-04-27 21:00:00,1 days 15:30:00
bob01,prlst,160,1991-04-27 21:00:00,1 days 16:30:00
bob01,prlst,161,1991-04-27 21:00:00,1 days 17:30:00
bob01,prlst,162,1991-04-27 21:00:00,1 days 18:30:00
bob01,prlst,163,1991-04-27 21:00:00,1 days 19:30:00
bob01,prlst,164,1991-04-27 21:00:00,1 days 20:30:00
bob01,prlst,165,1991-04-27 21:00:00,1 days 21:30:00
bob01,prlst,166,1991-04-27 21:00:00,1 days 22:30:00
bob01,prlst,167,1991-04-27 21:00:00,1 days 23:30:00
bob01,prlst,168,1991-04-27 21:00:00,2 days 00:30:00
bob01,prlst,169,1991-04-27 21:00:00,2 days 01:30:00
bob01,prlst,170,1991-04-27 21:00:00,2 days 02:30:00
bob01,prlst,171,1991-04-27 21:00:00,2 days 03:30:00
bob01,prlst,172,1991-04-27 21:00:00,2 days 04:30:00
bob01,prlst,173,1991-04-27 21:00:00,2 days 05:30:00
bob01,prlst,174,1991-04-27 21:00:00,2 days 06:30:00
bob01,prlst,175,1991-04-27 21:00:00,2 days 07:30:00
bob01,prlst,176,1991-04-27 21:00:00,2 days 08:30:00
bob01,prlst,177,1991-04-27 21:00:00,2 days 09:30:00
bob01,prlst,178,1991-04-27 21:00:00,2 days 10:30:00
bob01,prlst,179,1991-04-27 21:00:00,2 days 11:30:00
bob01,prlst,180,1991-04-27 21:00:00,2 days 12:30:00
bob01,prlst,181,1991-04-27 21:00:00,2 days 13:30:00
bob01,prlst,182,1991-04-27 21:00:00,2 days 14:30:00
bob01,prlst,183,1991-04-27 21:00:00,2 days 15:30:00
bob01,prlst,184,1991-04-27 21:00:00,2 days 16:30:00
bob01,prlst,185,1991-04-27 21:00:00,2 days 17:30:00
bob01,prlst,186,1991-04-27 21:00:00,2 days 18:30:00
bob01,prlst,187,1991-04-27 21:00:00,2 days 19:30:00
bob01,prlst,188,1991-04-27 21:00:00,2 days 20:30:00
bob01,prlst,189,1991-04-27 21:00:00,2 days 21:30:00
bob01,prlst,190,1991-04-27 21:00:00,2 days 22:30:00
bob01,prlst,191,1991-04-27 21:00:00,2 days 23:30:00
bob01,prlst,192,1991-04-28 00:00:00,1 days 00:30:00
bob01,prlst,193,1991-04-28 00:00:00,1 days 01:30:00
bob01,prlst,194,1991-04-28 00:00:00,1 days 02:30:00
bob01,prlst,195,1991-04-28 00:00:00,1 days 03:30:00
bob01,prlst,196,1991-04-28 00:00:00,1 days 04:30:00
bob01,prlst,197,1991-04-28 00:00:00,1 days 05:30:00
bob01,prlst,198,1991-04-28 00:00:00,1 days 06:30:00
bob01,prlst,199,1991-04-28 00:00:00,1 days 07:30:00
bob01,prlst,200,1991-04-28 00:00:00,1 days 08:30:00
bob01,prlst,201,1991-04-28 00:00:00,1 days 09:30:00
bob01,prlst,202,1991-04-28 00:00:00,1 days 10:30:00
bob01,prlst,203,1991-04-28 00:00:00,1 days 11:30:00
bob01,prlst,204,1991-04-28 00:00:00,1 days 12:30:00
bob01,prlst,205,1991-04-28 00:00:00,1 days 13:30:00
bob01,prlst,206,1991-04-28 00:00:00,1 days 14:30:00
bob01,prlst,207,1991-04-28 00:00:00,1 days 15:30:00
bob01,prlst,208,1991-04-28 00:00:00,1 days 16:30:00
bob01,prlst,209,1991-04-28 00:00:00,1 days 17:30:00
bob01,prlst,210,1991-04-28 00:00:00,1 days 18:30:00
bob01,prlst,211,1991-04-28 00:00:00,1 days 19:30:00
bob01,prlst,212,1991-04-28 00:00:00,1 days 20:30:00
bob01,prlst,213,1991-04-28 00:00:00,1 days 21:30:00
bob01,prlst,214,1991-04-28 00:00:00,1 days 22:30:00
bob01,prlst,215,1991-04-28 00:00:00,1 days 23:30:00
bob01,prlst,216,1991-04-28 00:00:00,2 days 00:30:00
bob01,prlst,217,1991-04-28 00:00:00,2 days 01:30:00
bob01,prlst,218,1991-04-28 00:00:00,2 days 02:30:00
bob01,prlst,219,1991-04-28 00:00:00,2 days 03:30:00
bob01,prlst,220,1991-04-28 00:00:00,2 days 04:30:00
bob01,prlst,221,1991-04-28 00:00:00,2 days 05:30:00
bob01,prlst,222,1991-04-28 00:00:00,2 days 06:30:00
bob01,prlst,223,1991-04-28 00:00:00,2 days 07:30:00
bob01,prlst,224,1991-04-28 00:00:00,2 days 08:30:00
bob01,prlst,225,1991-04-28 00:00:00,2 days 09:30:00
bob01,prlst,226,1991-04-28 00:00:00,2 days 10:30:00
bob01,prlst,227,1991-04-28 00:00:00,2 days 11:30:00
bob01,prlst,228,1991-04-28 00:00:00,2 days 12:30:00
bob01,prlst,229,1991-04-28 00:00:00,2 days 13:30:00
bob01,prlst,230,1991-04-28 00:00:00,2 days 14:30:00
bob01,prlst,231,1991-04-28 00:00:00,2 days 15:30:00
bob01,prlst,232,1991-04-28 00:00:00,2 days 16:30:00
bob01,prlst,233,1991-04-28 00:00:00,2 days 17:30:00
bob01,prlst,234,1991-04-28 00:00:00,2 days 18:30:00
bob01,prlst,235,1991-04-28 00:00:00,2 days 19:30:00
bob01,prlst,236,1991-04-28 00:00:00,2 days 20:30:00
bob01,prlst,237,1991-04-28 00:00:00,2 days 21:30:00
bob01,prlst,238,1991-04-28 00:00:00,2 days 22:30:00
bob01,prlst,239,1991-04-28 00:00:00,2 days 23:30:00
bob01,prlst,240,1991-04-28 03:00:00,1 days 00:30:00
bob01,prlst,241,1991-04-28 03:00:00,1 days 01:30:00
bob01,prlst,242,1991-04-28 03:00:00,1 days 02:30:00
bob01,prlst,243,1991-04-28 03:00:00,1 days 03:30:00
bob01,prlst,244,1991-04-28 03:00:00,1 days 04:30:00
bob01,prlst,245,1991-04-28 03:00:00,1 days 05:30:00
bob01,prlst,246,1991-04-28 03:00:00,1 days 06:30:00
bob01,prlst,247,1991-04-28 03:00:00,1 days 07:30:00
bob01,prlst,248,1991-04-28 03:00:00,1 days 08:30:00
bob01,prlst,249,1991-04-28 03:00:00,1 days 09:30:00
bob01,prlst,250,1991-04-28 03:00:00,1 days 10:30:00
bob01,prlst,251,1991-04-28 03:00:00,1 days 11:30:00
bob01,prlst,252,1991-04-28 03:00:00,1 days 12:30:00
bob01,prlst,253,1991-04-28 03:00:00,1 days 13:30:00
bob01,prlst,254,1991-04-28 03:00:00,1 days 14:30:00
bob01,prlst,255,1991-04-28 03:00:00,1 days 15:30:00
bob01,prlst,256,1991-04-28 03:00:00,1 days 16:30:00
bob01,prlst,257,1991-04-28 03:00:00,1 days 17:30:00
bob01,prlst,258,1991-04-28 03:00:00,1 days 18:30:00
bob01,prlst,259,1991-04-28 03:00:00,1 days 19:30:00
bob01,prlst,260,1991-04-28 03:00:00,1 days 20:30:00
bob01,prlst,261,1991-04-28 03:00:00,1 days 21:30:00
bob01,prlst,262,1991-04-28 03:00:00,1 days 22:30:00
bob01,prlst,263,1991-04-28 03:00:00,1 days 23:30:00
bob01,prlst,264,1991-04-28 03:00:00,2 days 00:30:00
bob01,prlst,265,1991-04-28 03:00:00,2 days 01:30:00
bob01,prlst,266,1991-04-28 03:00:00,2 days 02:30:00
bob01,prlst,267,1991-04-28 03:00:00,2 days 03:30:00
bob01,prlst,268,1991-04-28 03:00:00,2 days 04:30:00
bob01,prlst,269,1991-04-28 03:00:00,2 days 05:30:00
bob01,prlst,270,1991-04-28 03:00:00,2 days 06:30:00
bob01,prlst,271,1991-04-28 03:00:00,2 days 07:30:00
bob01,prlst,272,1991-04-28 03:00:00,2 days 08:30:00
bob01,prlst,273,1991-04-28 03:00:00,2 days 09:30:00
bob01,prlst,274,1991-04-28 03:00:00,2 days 10:30:00
bob01,prlst,275,1991-04-28 03:00:00,2 days 11:30:00
bob01,prlst,276,1991-04-28 03:00:00,2 days 12:30:00
bob01,prlst,277,1991-04-28 03:00:00,2 days 13:30:00
bob01,prlst,278,1991-04-28 03:00:00,2 days 14:30:00
bob01,prlst,279,1991-04-28 03:00:00,2 days 15:30:00
bob01,prlst,280,1991-04-28 03:00:00,2 days 16:30:00
bob01,prlst,281,1991-04-28 03:00:00,2 days 17:30:00
bob01,prlst,282,1991-04-28 03:00:00,2 days 18:30:00
bob01,prlst,283,1991-04-28 03:00:00,2 days 19:30:00
bob01,prlst,284,1991-04-28 03:00:00,2 days 20:30:00
bob01,prlst,285,1991-04-28 03:00:00,2 days 21:30:00
bob01,prlst,286,1991-04-28 03:00:00,2 days 22:30:00
bob01,prlst,287,1991-04-28 03:00:00,2 days 23:30:00
bob01,prlst,288,1991-04-28 06:00:00,1 days 00:30:00
bob01,prlst,289,1991-04-28 06:00:00,1 days 01:30:00
bob01,prlst,290,1991-04-28 06:00:00,1 days 02:30:00
bob01,prlst,291,1991-04-28 06:00:00,1 days 03:30:00
bob01,prlst,292,1991-04-28 06:00:00,1 days 04:30:00
bob01,prlst,293,1991-04-28 06:00:00,1 days 05:30:00
bob01,prlst,294,1991-04-28 06:00:00,1 days 06:30:00
bob01,prlst,295,1991-04-28 06:00:00,1 days 07:30:00
bob01,prlst,296,1991-04-28 06:00:00,1 days 08:30:00
bob01,prlst,297,1991-04-28 06:00:00,1 days 09:30:00
bob01,prlst,298,1991-04-28 06:00:00,1 days 10:30:00
bob01,prlst,299,1991-04-28 06:00:00,1 days 11:30:00
bob01,prlst,300,1991-04-28 06:00:00,1 days 12:30:00
bob01,prlst,301,1991-04-28 06:00:00,1 days 13:30:00
bob01,prlst,302,1991-04-28 06:00:00,1 days 14:30:00
bob01,prlst,303,1991-04-28 06:00:00,1 days 15:30:00
bob01,prlst,304,1991-04-28 06:00:00,1 days 16:30:00
bob01,prlst,305,1991-04-28 06:00:00,1 days 17:30:00
bob01,prlst,306,1991-04-28 06:00:00,1 days 18:30:00
bob01,prlst,307,1991-04-28 06:00:00,1 days 19:30:00
bob01,prlst,308,1991-04-28 06:00:00,1 days 20:30:00
bob01,prlst,309,1991-04-28 06:00:00,1 days 21:30:00
bob01,prlst,310,1991-04-28 06:00:00,1 days 22:30:00
bob01,prlst,311,1991-04-28 06:00:00,1 days 23:30:00
bob01,prlst,312,1991-04-28 06:00:00,2 days 00:30:00
bob01,prlst,313,1991-04-28 06:00:00,2 days 01:30:00
bob01,prlst,314,1991-04-28 06:00:00,2 days 02:30:00
bob01,prlst,315,1991-04-28 06:00:00,2 days 03:30:00
bob01,prlst,316,1991-04-28 06:00:00,2 days 04:30:00
bob01,prlst,317,1991-04-28 06:00:00,2 days 05:30:00
bob01,prlst,318,1991-04-28 06:00:00,2 days 06:30:00
bob01,prlst,319,1991-04-28 06:00:00,2 days 07:30:00
bob01,prlst,320,1991-04-28 06:00:00,2 days 08:30:00
bob01,prlst,321,1991-04-28 06:00:00,2 days 09:30:00
bob01,prlst,322,1991-04-28 06:00:00,2 days 10:30:00
bob01,prlst,323,1991-04-28 06:00:00,2 days 11:30:00
bob01,prlst,324,1991-04-28 06:00:00,2 days 12:30:00
bob01,prlst,325,1991-04-28 06:00:00,2 days 13:30:00
bob01,prlst,326,1991-04-28 06:00:00,2 days 14:30:00
bob01,prlst,327,1991-04-28 06:00:00,2 days 15:30:00
bob01,prlst,328,1991-04-28 06:00:00,2 days 16:30:00
bob01,prlst,329,1991-04-28 06:00:00,2 days 17:30:00
bob01,prlst,330,1991-04-28 06:00:00,2 days 18:30:00
bob01,prlst,331,1991-04-28 06:00:00,2 days 19:30:00
bob01,prlst,332,1991-04-28 06:00:00,2 days 20:30:00
bob01,prlst,333,1991-04-28 06:00:00,2 days 21:30:00
bob01,prlst,334,1991-04-28 06:00:00,2 days 22:30:00
bob01,prlst,335,1991-04-28 06:00:00,2 days 23:30:00
bob01,prlst,336,1991-04-28 09:00:00,1 days 00:30:00
bob01,prlst,337,1991-04-28 09:00:00,1 days 01:30:00
bob01,prlst,338,1991-04-28 09:00:00,1 days 02:30:00
bob01,prlst,339,1991-04-28 09:00:00,1 days 03:30:00
bob01,prlst,340,1991-04-28 09:00:00,1 days 04:30:00
bob01,prlst,341,1991-04-28 09:00:00,1 days 05:30:00
bob01,prlst,342,1991-04-28 09:00:00,1 days 06:30:00
bob01,prlst,343,1991-04-28 09:00:00,1 days 07:30:00
bob01,prlst,344,1991-04-28 09:00:00,1 days 08:30:00
bob01,prlst,345,1991-04-28 09:00:00,1 days 09:30:00
bob01,prlst,346,1991-04-28 09:00:00,1 days 10:30:00
bob01,prlst,347,1991-04-28 09:00:00,1 days 11:30:00
bob01,prlst,348,1991-04-28 09:00:00,1 days 12:30:00
bob01,prlst,349,1991-04-28 09:00:00,1 days 13:30:00
bob01,prlst,350,1991-04-28 09:00:00,1 days 14:30:00
bob01,prlst,351,1991-04-28 09:00:00,1 days 15:30:00
bob01,prlst,352,1991-04-28 09:00:00,1 days 16:30:00
bob01,prlst,353,1991-04-28 09:00:00,1 days 17:30:00
bob01,prlst,354,1991-04-28 09:00:00,1 days 18:30:00
bob01,prlst,355,1991-04-28 09:00:00,1 days 19:30:00
bob01,prlst,356,1991-04-28 09:00:00,1 days 20:30:00
bob01,prlst,357,1991-04-28 09:00:00,1 days 21:30:00
bob01,prlst,358,1991-04-28 09:00:00,1 days 22:30:00
bob01,prlst,359,1991-04-28 09:00:00,1 days 23:30:00
bob01,prlst,360,1991-04-28 09:00:00,2 days 00:30:00
bob01,prlst,361,1991-04-28 09:00:00,2 days 01:30:00
bob01,prlst,362,1991-04-28 09:00:00,2 days 02:30:00
bob01,prlst,363,1991-04-28 09:00:00,2 days 03:30:00
bob01,prlst,364,1991-04-28 09:00:00,2 days 04:30:00
bob01,prlst,365,1991-04-28 09:00:00,2 days 05:30:00
bob01,prlst,366,1991-04-28 09:00:00,2 days 06:30:00
bob01,prlst,367,1991-04-28 09:00:00,2 days 07:30:00
bob01,prlst,368,1991-04-28 09:00:00,2 days 08:30:00
bob01,prlst,369,1991-04-28 09:00:00,2 days 09:30:00
bob01,prlst,370,1991-04-28 09:00:00,2 days 10:30:00
bob01,prlst,371,1991-04-28 09:00:00,2 days 11:30:00
bob01,prlst,372,1991-04-28 09:00:00,2 days 12:30:00
bob01,prlst,373,1991-04-28 09:00:00,2 days 13:30:00
bob01,prlst,374,1991-04-28 09:00:00,2 days 14:30:00
bob01,prlst,375,1991-04-28 09:00:00,2 days 15:30:00
bob01,prlst,376,1991-04-28 09:00:00,2 days 16:30:00
bob01,prlst,377,1991-04-28 09:00:00,2 days 17:30:00
bob01,prlst,378,1991-04-28 09:00:00,2 days 18:30:00
bob01,prlst,379,1991-04-28 09:00:00,2 days 19:30:00
bob01,prlst,380,1991-04-28 09:00:00,2 days 20:30:00
bob01,prlst,381,1991-04-28 09:00:00,2 days 21:30:00
bob01,prlst,382,1991-04-28 09:00:00,2 days 22:30:00
bob01,prlst,383,1991-04-28 09:00:00,2 days 23:30:00
bob01,prlst,384,1991-04-28 12:00:00,1 days 00:30:00
bob01,prlst,385,1991-04-28 12:00:00,1 days 01:30:00
bob01,prlst,386,1991-04-28 12:00:00,1 days 02:30:00
bob01,prlst,387,1991-04-28 12:00:00,1 days 03:30:00
bob01,prlst,388,1991-04-28 12:00:00,1 days 04:30:00
bob01,prlst,389,1991-04-28 12:00:00,1 days 05:30:00
bob01,prlst,390,1991-04-28 12:00:00,1 days 06:30:00
bob01,prlst,391,1991-04-28 12:00:00,1 days 07:30:00
bob01,prlst,392,1991-04-28 12:00:00,1 days 08:30:00
bob01,prlst,393,1991-04-28 12:00:00,1 days 09:30:00
bob01,prlst,394,1991-04-28 12:00:00,1 days 10:30:00
bob01,prlst,395,1991-04-28 12:00:00,1 days 11:30:00
bob01,prlst,396,1991-04-28 12:00:00,1 days 12:30:00
bob01,prlst,397,1991-04-28 12:00:00,1 days 13:30:00
bob01,prlst,398,1991-04-28 12:00:00,1 days 14:30:00
bob01,prlst,399,1991-04-28 12:00:00,1 days 15:30:00
bob01,prlst,400,1991-04-28 12:00:00,1 days 16:30:00
bob01,prlst,401,1991-04-28 12:00:00,1 days 17:30:00
bob01,prlst,402,1991-04-28 12:00:00,1 days 18:30:00
bob01,prlst,403,1991-04-28 12:00:00,1 days 19:30:00
bob01,prlst,404,1991-04-28 12:00:00,1 days 20:30:00
bob01,prlst,405,1991-04-28 12:00:00,1 days 21:30:00
bob01,prlst,406,1991-04-28 12:00:00,1 days 22:30:00
bob01,prlst,407,1991-04-28 12:00:00,1 days 23:30:00
bob01,prlst,408,1991-04-28 12:00:00,2 days 00:30:00
bob01,prlst,409,1991-04-28 12:00:00,2 days 01:30:00
bob01,prlst,410,1991-04-28 12:00:00,2 days 02:30:00
bob01,prlst,411,1991-04-28 12:00:00,2 days 03:30:00
bob01,prlst,412,1991-04-28 12:00:00,2 days 04:30:00
bob01,prlst,413,1991-04-28 12:00:00,2 days 05:30:00
bob01,prlst,414,1991-04-28 12:00:00,2 days 06:30:00
bob01,prlst,415,1991-04-28 12:00:00,2 days 07:30:00
bob01,prlst,416,1991-04-28 12:00:00,2 days 08:30:00
bob01,prlst,417,1991-04-28 12:00:00,2 days 09:30:00
bob01,prlst,418,1991-04-28 12:00:00,2 days 10:30:00
bob01,prlst,419,1991-04-28 12:00:00,2 days 11:30:00
bob01,prlst,420,1991-04-28 12:00:00,2 days 12:30:00
bob01,prlst,421,1991-04-28 12:00:00,2 days 13:30:00
bob01,prlst,422,1991-04-28 12:00:00,2 days 14:30:00
bob01,prlst,423,1991-04-28 12:00:00,2 days 15:30:00
bob01,prlst,424,1991-04-28 12:00:00,2 days 16:30:00
bob01,prlst,425,1991-04-28 12:00:00,2 days 17:30:00
bob01,prlst,426,1991-04-28 12:00:00,2 days 18:30:00
bob01,prlst,427,1991-04-28 12:00:00,2 days 19:30:00
bob01,prlst,428,1991-04-28 12:00:00,2 days 20:30:00
bob01,prlst,429,1991-04-28 12:00:00,2 days 21:30:00
bob01,prlst,430,1991-04-28 12:00:00,2 days 22:30:00
bob01,prlst,431,1991-04-28 12:00:00,2 days 23:30:00
